// 4.26.1 0x4783f4b1 D2 AY R0 FARGB8888 U565 N0 SExtFlashSection
// Generated by imageconverter. Please, do not edit!

#include <touchgfx/hal/Config.hpp>

LOCATION_PRAGMA("ExtFlashSection")
KEEP extern const unsigned char image_bluetooth[] LOCATION_ATTRIBUTE("ExtFlashSection") = { // 80x80 ARGB8888 pixels.
    0x00, 0x00, 0x00, 0x00, 0x00, 0x00, 0x00, 0x00, 0x00, 0x00, 0x00, 0x00,
    0x00, 0x00, 0x00, 0x00, 0x00, 0x00, 0x00, 0x00, 0x00, 0x00, 0x00, 0x00,
    0x00, 0x00, 0x00, 0x00, 0x00, 0x00, 0x00, 0x00, 0x00, 0x00, 0x00, 0x00,
    0x00, 0x00, 0x00, 0x00, 0x00, 0x00, 0x00, 0x00, 0x00, 0x00, 0x00, 0x00,
    0x00, 0x00, 0x00, 0x00, 0x00, 0x00, 0x00, 0x00, 0x00, 0x00, 0x00, 0x00,
    0x00, 0x00, 0x00, 0x00, 0x00, 0x00, 0x00, 0x00, 0x00, 0x00, 0x00, 0x00,
    0x00, 0x00, 0x00, 0x00, 0x00, 0x00, 0x00, 0x00, 0x00, 0x00, 0x00, 0x00,
    0x00, 0x00, 0x00, 0x00, 0x00, 0x00, 0x00, 0x00, 0x00, 0x00, 0x00, 0x00,
    0x00, 0x00, 0x00, 0x00, 0x00, 0x00, 0x00, 0x00, 0x00, 0x00, 0x00, 0x00,
    0x00, 0x00, 0x00, 0x00, 0x00, 0x00, 0x00, 0x00, 0x00, 0x00, 0x00, 0x00,
    0x20, 0x0c, 0x00, 0x08, 0x30, 0x18, 0x08, 0x24, 0x90, 0x44, 0x10, 0x49,
    0x90, 0x44, 0x10, 0x75, 0xc8, 0x60, 0x18, 0xa2, 0xf0, 0x74, 0x18, 0xbe,
    0xf0, 0x74, 0x18, 0xd7, 0xf0, 0x74, 0x18, 0xeb, 0xf0, 0x74, 0x18, 0xff,
    0xf0, 0x74, 0x18, 0xff, 0xf0, 0x74, 0x18, 0xff, 0xf0, 0x74, 0x18, 0xff,
    0xf0, 0x74, 0x18, 0xeb, 0xf0, 0x74, 0x18, 0xd7, 0xf0, 0x74, 0x18, 0xbe,
    0xc8, 0x60, 0x18, 0xa2, 0x90, 0x44, 0x10, 0x75, 0x90, 0x44, 0x10, 0x49,
    0x30, 0x18, 0x08, 0x24, 0x20, 0x0c, 0x00, 0x08, 0x00, 0x00, 0x00, 0x00,
    0x00, 0x00, 0x00, 0x00, 0x00, 0x00, 0x00, 0x00, 0x00, 0x00, 0x00, 0x00,
    0x00, 0x00, 0x00, 0x00, 0x00, 0x00, 0x00, 0x00, 0x00, 0x00, 0x00, 0x00,
    0x00, 0x00, 0x00, 0x00, 0x00, 0x00, 0x00, 0x00, 0x00, 0x00, 0x00, 0x00,
    0x00, 0x00, 0x00, 0x00, 0x00, 0x00, 0x00, 0x00, 0x00, 0x00, 0x00, 0x00,
    0x00, 0x00, 0x00, 0x00, 0x00, 0x00, 0x00, 0x00, 0x00, 0x00, 0x00, 0x00,
    0x00, 0x00, 0x00, 0x00, 0x00, 0x00, 0x00, 0x00, 0x00, 0x00, 0x00, 0x00,
    0x00, 0x00, 0x00, 0x00, 0x00, 0x00, 0x00, 0x00, 0x00, 0x00, 0x00, 0x00,
    0x00, 0x00, 0x00, 0x00, 0x00, 0x00, 0x00, 0x00, 0x00, 0x00, 0x00, 0x00,
    0x00, 0x00, 0x00, 0x00, 0x00, 0x00, 0x00, 0x00, 0x00, 0x00, 0x00, 0x00,
    0x00, 0x00, 0x00, 0x00, 0x00, 0x00, 0x00, 0x00, 0x00, 0x00, 0x00, 0x00,
    0x00, 0x00, 0x00, 0x00, 0x00, 0x00, 0x00, 0x00, 0x00, 0x00, 0x00, 0x00,
    0x00, 0x00, 0x00, 0x00, 0x00, 0x00, 0x00, 0x00, 0x00, 0x00, 0x00, 0x00,
    0x00, 0x00, 0x00, 0x00, 0x00, 0x00, 0x00, 0x00, 0x00, 0x00, 0x00, 0x00,
    0x00, 0x00, 0x00, 0x00, 0x00, 0x00, 0x00, 0x00, 0x00, 0x00, 0x00, 0x00,
    0x00, 0x00, 0x00, 0x00, 0x00, 0x00, 0x00, 0x00, 0x00, 0x00, 0x00, 0x00,
    0x00, 0x00, 0x00, 0x00, 0x00, 0x00, 0x00, 0x00, 0x00, 0x00, 0x00, 0x00,
    0x00, 0x00, 0x00, 0x00, 0x00, 0x00, 0x00, 0x00, 0x00, 0x00, 0x00, 0x00,
    0x00, 0x00, 0x00, 0x00, 0x00, 0x00, 0x00, 0x00, 0x00, 0x00, 0x00, 0x00,
    0x00, 0x00, 0x00, 0x00, 0x00, 0x00, 0x00, 0x00, 0x28, 0x14, 0x00, 0x08,
    0x70, 0x38, 0x10, 0x51, 0xc0, 0x5c, 0x18, 0x96, 0xe0, 0x68, 0x18, 0xd3,
    0xf0, 0x74, 0x18, 0xef, 0xf0, 0x74, 0x18, 0xff, 0xf0, 0x74, 0x18, 0xff,
    0xf0, 0x74, 0x18, 0xff, 0xf0, 0x74, 0x20, 0xff, 0xf0, 0x70, 0x18, 0xff,
    0xf0, 0x74, 0x20, 0xff, 0xf0, 0x70, 0x20, 0xff, 0xf0, 0x74, 0x18, 0xff,
    0xf0, 0x70, 0x20, 0xff, 0xf0, 0x74, 0x20, 0xff, 0xf0, 0x70, 0x18, 0xff,
    0xf0, 0x74, 0x20, 0xff, 0xf0, 0x74, 0x18, 0xff, 0xf0, 0x74, 0x18, 0xff,
    0xf0, 0x74, 0x18, 0xff, 0xf0, 0x74, 0x18, 0xff, 0xf0, 0x74, 0x18, 0xef,
    0xe0, 0x68, 0x18, 0xd7, 0xc0, 0x5c, 0x18, 0x96, 0x70, 0x38, 0x10, 0x51,
    0x28, 0x14, 0x00, 0x08, 0x00, 0x00, 0x00, 0x00, 0x00, 0x00, 0x00, 0x00,
    0x00, 0x00, 0x00, 0x00, 0x00, 0x00, 0x00, 0x00, 0x00, 0x00, 0x00, 0x00,
    0x00, 0x00, 0x00, 0x00, 0x00, 0x00, 0x00, 0x00, 0x00, 0x00, 0x00, 0x00,
    0x00, 0x00, 0x00, 0x00, 0x00, 0x00, 0x00, 0x00, 0x00, 0x00, 0x00, 0x00,
    0x00, 0x00, 0x00, 0x00, 0x00, 0x00, 0x00, 0x00, 0x00, 0x00, 0x00, 0x00,
    0x00, 0x00, 0x00, 0x00, 0x00, 0x00, 0x00, 0x00, 0x00, 0x00, 0x00, 0x00,
    0x00, 0x00, 0x00, 0x00, 0x00, 0x00, 0x00, 0x00, 0x00, 0x00, 0x00, 0x00,
    0x00, 0x00, 0x00, 0x00, 0x00, 0x00, 0x00, 0x00, 0x00, 0x00, 0x00, 0x00,
    0x00, 0x00, 0x00, 0x00, 0x00, 0x00, 0x00, 0x00, 0x00, 0x00, 0x00, 0x00,
    0x00, 0x00, 0x00, 0x00, 0x00, 0x00, 0x00, 0x00, 0x00, 0x00, 0x00, 0x00,
    0x00, 0x00, 0x00, 0x00, 0x00, 0x00, 0x00, 0x00, 0x00, 0x00, 0x00, 0x00,
    0x00, 0x00, 0x00, 0x00, 0x00, 0x00, 0x00, 0x00, 0x00, 0x00, 0x00, 0x00,
    0x00, 0x00, 0x00, 0x00, 0x00, 0x00, 0x00, 0x00, 0x00, 0x00, 0x00, 0x00,
    0x00, 0x00, 0x00, 0x00, 0x00, 0x00, 0x00, 0x00, 0x00, 0x00, 0x00, 0x00,
    0x00, 0x00, 0x00, 0x00, 0x00, 0x00, 0x00, 0x00, 0x00, 0x00, 0x00, 0x00,
    0x00, 0x00, 0x00, 0x00, 0x00, 0x00, 0x00, 0x00, 0x00, 0x00, 0x00, 0x00,
    0x00, 0x00, 0x00, 0x00, 0x00, 0x00, 0x00, 0x00, 0x00, 0x00, 0x00, 0x00,
    0x00, 0x00, 0x00, 0x00, 0x20, 0x0c, 0x00, 0x0c, 0x80, 0x3c, 0x10, 0x49,
    0xc8, 0x60, 0x18, 0xaa, 0xf0, 0x74, 0x18, 0xf3, 0xf0, 0x74, 0x18, 0xff,
    0xf0, 0x74, 0x18, 0xff, 0xf0, 0x74, 0x18, 0xff, 0xf0, 0x74, 0x20, 0xff,
    0xf0, 0x74, 0x18, 0xff, 0xf0, 0x70, 0x18, 0xff, 0xf0, 0x74, 0x20, 0xff,
    0xf0, 0x74, 0x18, 0xff, 0xf0, 0x74, 0x18, 0xff, 0xf0, 0x70, 0x20, 0xff,
    0xf0, 0x74, 0x18, 0xff, 0xf0, 0x74, 0x18, 0xff, 0xf0, 0x74, 0x20, 0xff,
    0xf0, 0x70, 0x18, 0xff, 0xf0, 0x74, 0x18, 0xff, 0xf0, 0x70, 0x20, 0xff,
    0xf0, 0x74, 0x20, 0xff, 0xf0, 0x70, 0x18, 0xff, 0xf0, 0x74, 0x20, 0xff,
    0xf0, 0x74, 0x18, 0xff, 0xf0, 0x74, 0x18, 0xff, 0xf0, 0x74, 0x20, 0xff,
    0xf0, 0x74, 0x18, 0xff, 0xf0, 0x74, 0x18, 0xff, 0xf0, 0x74, 0x18, 0xf3,
    0xc8, 0x60, 0x18, 0xaa, 0x80, 0x3c, 0x10, 0x49, 0x20, 0x0c, 0x00, 0x0c,
    0x00, 0x00, 0x00, 0x00, 0x00, 0x00, 0x00, 0x00, 0x00, 0x00, 0x00, 0x00,
    0x00, 0x00, 0x00, 0x00, 0x00, 0x00, 0x00, 0x00, 0x00, 0x00, 0x00, 0x00,
    0x00, 0x00, 0x00, 0x00, 0x00, 0x00, 0x00, 0x00, 0x00, 0x00, 0x00, 0x00,
    0x00, 0x00, 0x00, 0x00, 0x00, 0x00, 0x00, 0x00, 0x00, 0x00, 0x00, 0x00,
    0x00, 0x00, 0x00, 0x00, 0x00, 0x00, 0x00, 0x00, 0x00, 0x00, 0x00, 0x00,
    0x00, 0x00, 0x00, 0x00, 0x00, 0x00, 0x00, 0x00, 0x00, 0x00, 0x00, 0x00,
    0x00, 0x00, 0x00, 0x00, 0x00, 0x00, 0x00, 0x00, 0x00, 0x00, 0x00, 0x00,
    0x00, 0x00, 0x00, 0x00, 0x00, 0x00, 0x00, 0x00, 0x00, 0x00, 0x00, 0x00,
    0x00, 0x00, 0x00, 0x00, 0x00, 0x00, 0x00, 0x00, 0x00, 0x00, 0x00, 0x00,
    0x00, 0x00, 0x00, 0x00, 0x00, 0x00, 0x00, 0x00, 0x00, 0x00, 0x00, 0x00,
    0x00, 0x00, 0x00, 0x00, 0x00, 0x00, 0x00, 0x00, 0x00, 0x00, 0x00, 0x00,
    0x00, 0x00, 0x00, 0x00, 0x00, 0x00, 0x00, 0x00, 0x00, 0x00, 0x00, 0x00,
    0x00, 0x00, 0x00, 0x00, 0x00, 0x00, 0x00, 0x00, 0x00, 0x00, 0x00, 0x00,
    0x00, 0x00, 0x00, 0x00, 0x00, 0x00, 0x00, 0x00, 0x00, 0x00, 0x00, 0x00,
    0x00, 0x00, 0x00, 0x00, 0x00, 0x00, 0x00, 0x00, 0x00, 0x00, 0x00, 0x00,
    0x00, 0x00, 0x00, 0x00, 0x38, 0x1c, 0x08, 0x0c, 0xb0, 0x50, 0x18, 0x6d,
    0xe0, 0x6c, 0x18, 0xd3, 0xf0, 0x74, 0x18, 0xfb, 0xf0, 0x74, 0x18, 0xff,
    0xf0, 0x70, 0x20, 0xff, 0xf0, 0x74, 0x18, 0xff, 0xf0, 0x74, 0x18, 0xff,
    0xf0, 0x70, 0x20, 0xff, 0xf0, 0x74, 0x20, 0xff, 0xf0, 0x74, 0x18, 0xff,
    0xf0, 0x70, 0x20, 0xff, 0xf0, 0x74, 0x18, 0xff, 0xf0, 0x74, 0x18, 0xff,
    0xf0, 0x74, 0x20, 0xff, 0xf0, 0x74, 0x18, 0xff, 0xf0, 0x74, 0x18, 0xff,
    0xf0, 0x74, 0x18, 0xff, 0xf0, 0x74, 0x20, 0xff, 0xf0, 0x74, 0x18, 0xff,
    0xf0, 0x74, 0x18, 0xff, 0xf0, 0x74, 0x18, 0xff, 0xf0, 0x74, 0x18, 0xff,
    0xf0, 0x70, 0x20, 0xff, 0xf0, 0x74, 0x20, 0xff, 0xf0, 0x70, 0x18, 0xff,
    0xf0, 0x74, 0x20, 0xff, 0xf0, 0x74, 0x18, 0xff, 0xf0, 0x70, 0x18, 0xff,
    0xf0, 0x74, 0x20, 0xff, 0xf0, 0x70, 0x18, 0xff, 0xf0, 0x74, 0x18, 0xff,
    0xf0, 0x74, 0x18, 0xfb, 0xe0, 0x68, 0x18, 0xd3, 0xb0, 0x50, 0x18, 0x6d,
    0x38, 0x1c, 0x08, 0x10, 0x00, 0x00, 0x00, 0x00, 0x00, 0x00, 0x00, 0x00,
    0x00, 0x00, 0x00, 0x00, 0x00, 0x00, 0x00, 0x00, 0x00, 0x00, 0x00, 0x00,
    0x00, 0x00, 0x00, 0x00, 0x00, 0x00, 0x00, 0x00, 0x00, 0x00, 0x00, 0x00,
    0x00, 0x00, 0x00, 0x00, 0x00, 0x00, 0x00, 0x00, 0x00, 0x00, 0x00, 0x00,
    0x00, 0x00, 0x00, 0x00, 0x00, 0x00, 0x00, 0x00, 0x00, 0x00, 0x00, 0x00,
    0x00, 0x00, 0x00, 0x00, 0x00, 0x00, 0x00, 0x00, 0x00, 0x00, 0x00, 0x00,
    0x00, 0x00, 0x00, 0x00, 0x00, 0x00, 0x00, 0x00, 0x00, 0x00, 0x00, 0x00,
    0x00, 0x00, 0x00, 0x00, 0x00, 0x00, 0x00, 0x00, 0x00, 0x00, 0x00, 0x00,
    0x00, 0x00, 0x00, 0x00, 0x00, 0x00, 0x00, 0x00, 0x00, 0x00, 0x00, 0x00,
    0x00, 0x00, 0x00, 0x00, 0x00, 0x00, 0x00, 0x00, 0x00, 0x00, 0x00, 0x00,
    0x00, 0x00, 0x00, 0x00, 0x00, 0x00, 0x00, 0x00, 0x00, 0x00, 0x00, 0x00,
    0x00, 0x00, 0x00, 0x00, 0x00, 0x00, 0x00, 0x00, 0x00, 0x00, 0x00, 0x00,
    0x00, 0x00, 0x00, 0x00, 0x00, 0x00, 0x00, 0x00, 0x00, 0x00, 0x00, 0x00,
    0x00, 0x00, 0x00, 0x00, 0x00, 0x00, 0x00, 0x00, 0x00, 0x00, 0x00, 0x00,
    0x00, 0x00, 0x00, 0x00, 0x30, 0x18, 0x08, 0x14, 0xb8, 0x58, 0x10, 0x75,
    0xf0, 0x74, 0x18, 0xef, 0xf0, 0x74, 0x18, 0xff, 0xf0, 0x74, 0x18, 0xff,
    0xf0, 0x74, 0x18, 0xff, 0xf0, 0x70, 0x20, 0xff, 0xf0, 0x74, 0x18, 0xff,
    0xf0, 0x74, 0x20, 0xff, 0xf0, 0x70, 0x18, 0xff, 0xf0, 0x74, 0x18, 0xff,
    0xf0, 0x74, 0x18, 0xff, 0xf0, 0x74, 0x18, 0xff, 0xf0, 0x74, 0x20, 0xff,
    0xf0, 0x70, 0x18, 0xff, 0xf8, 0x74, 0x18, 0xff, 0xf0, 0x70, 0x20, 0xff,
    0xf0, 0x74, 0x18, 0xff, 0xf8, 0x70, 0x20, 0xff, 0xf0, 0x70, 0x20, 0xff,
    0xf0, 0x74, 0x18, 0xff, 0xf8, 0x74, 0x20, 0xff, 0xf0, 0x70, 0x20, 0xff,
    0xf0, 0x74, 0x18, 0xff, 0xf8, 0x74, 0x18, 0xff, 0xf0, 0x74, 0x18, 0xff,
    0xf0, 0x74, 0x18, 0xff, 0xf0, 0x74, 0x20, 0xff, 0xf0, 0x70, 0x18, 0xff,
    0xf0, 0x74, 0x18, 0xff, 0xf0, 0x74, 0x20, 0xff, 0xf0, 0x74, 0x20, 0xff,
    0xf0, 0x74, 0x18, 0xff, 0xf0, 0x74, 0x20, 0xff, 0xf0, 0x74, 0x18, 0xff,
    0xf0, 0x74, 0x18, 0xff, 0xf0, 0x74, 0x18, 0xff, 0xf0, 0x74, 0x18, 0xeb,
    0xb8, 0x58, 0x18, 0x75, 0x30, 0x18, 0x08, 0x14, 0x00, 0x00, 0x00, 0x00,
    0x00, 0x00, 0x00, 0x00, 0x00, 0x00, 0x00, 0x00, 0x00, 0x00, 0x00, 0x00,
    0x00, 0x00, 0x00, 0x00, 0x00, 0x00, 0x00, 0x00, 0x00, 0x00, 0x00, 0x00,
    0x00, 0x00, 0x00, 0x00, 0x00, 0x00, 0x00, 0x00, 0x00, 0x00, 0x00, 0x00,
    0x00, 0x00, 0x00, 0x00, 0x00, 0x00, 0x00, 0x00, 0x00, 0x00, 0x00, 0x00,
    0x00, 0x00, 0x00, 0x00, 0x00, 0x00, 0x00, 0x00, 0x00, 0x00, 0x00, 0x00,
    0x00, 0x00, 0x00, 0x00, 0x00, 0x00, 0x00, 0x00, 0x00, 0x00, 0x00, 0x00,
    0x00, 0x00, 0x00, 0x00, 0x00, 0x00, 0x00, 0x00, 0x00, 0x00, 0x00, 0x00,
    0x00, 0x00, 0x00, 0x00, 0x00, 0x00, 0x00, 0x00, 0x00, 0x00, 0x00, 0x00,
    0x00, 0x00, 0x00, 0x00, 0x00, 0x00, 0x00, 0x00, 0x00, 0x00, 0x00, 0x00,
    0x00, 0x00, 0x00, 0x00, 0x00, 0x00, 0x00, 0x00, 0x00, 0x00, 0x00, 0x00,
    0x00, 0x00, 0x00, 0x00, 0x00, 0x00, 0x00, 0x00, 0x00, 0x00, 0x00, 0x00,
    0x00, 0x00, 0x00, 0x00, 0x00, 0x00, 0x00, 0x00, 0x00, 0x00, 0x00, 0x00,
    0x00, 0x00, 0x00, 0x00, 0x10, 0x08, 0x00, 0x04, 0x88, 0x40, 0x10, 0x55,
    0xe0, 0x68, 0x18, 0xd7, 0xf0, 0x74, 0x18, 0xff, 0xf0, 0x74, 0x20, 0xff,
    0xf0, 0x74, 0x18, 0xff, 0xf0, 0x70, 0x20, 0xff, 0xf0, 0x74, 0x20, 0xff,
    0xf0, 0x74, 0x18, 0xff, 0xf0, 0x74, 0x18, 0xff, 0xf0, 0x74, 0x20, 0xff,
    0xf0, 0x74, 0x20, 0xff, 0xf0, 0x70, 0x18, 0xff, 0xf0, 0x74, 0x18, 0xff,
    0xf8, 0x74, 0x20, 0xff, 0xf0, 0x74, 0x18, 0xff, 0xf0, 0x74, 0x20, 0xff,
    0xf0, 0x74, 0x18, 0xff, 0xf0, 0x74, 0x18, 0xff, 0xf0, 0x74, 0x20, 0xff,
    0xf0, 0x74, 0x18, 0xff, 0xf0, 0x74, 0x18, 0xff, 0xf0, 0x74, 0x18, 0xff,
    0xf0, 0x70, 0x18, 0xff, 0xf0, 0x74, 0x20, 0xff, 0xf0, 0x74, 0x20, 0xff,
    0xf0, 0x70, 0x18, 0xff, 0xf0, 0x74, 0x20, 0xff, 0xf8, 0x74, 0x18, 0xff,
    0xf0, 0x74, 0x18, 0xff, 0xf0, 0x74, 0x20, 0xff, 0xf0, 0x70, 0x18, 0xff,
    0xf0, 0x74, 0x18, 0xff, 0xf0, 0x74, 0x18, 0xff, 0xf0, 0x70, 0x20, 0xff,
    0xf0, 0x74, 0x18, 0xff, 0xf0, 0x74, 0x20, 0xff, 0xf0, 0x70, 0x20, 0xff,
    0xf0, 0x74, 0x18, 0xff, 0xf0, 0x74, 0x18, 0xff, 0xf0, 0x70, 0x18, 0xff,
    0xe0, 0x68, 0x18, 0xd7, 0x88, 0x40, 0x10, 0x55, 0x10, 0x08, 0x00, 0x04,
    0x00, 0x00, 0x00, 0x00, 0x00, 0x00, 0x00, 0x00, 0x00, 0x00, 0x00, 0x00,
    0x00, 0x00, 0x00, 0x00, 0x00, 0x00, 0x00, 0x00, 0x00, 0x00, 0x00, 0x00,
    0x00, 0x00, 0x00, 0x00, 0x00, 0x00, 0x00, 0x00, 0x00, 0x00, 0x00, 0x00,
    0x00, 0x00, 0x00, 0x00, 0x00, 0x00, 0x00, 0x00, 0x00, 0x00, 0x00, 0x00,
    0x00, 0x00, 0x00, 0x00, 0x00, 0x00, 0x00, 0x00, 0x00, 0x00, 0x00, 0x00,
    0x00, 0x00, 0x00, 0x00, 0x00, 0x00, 0x00, 0x00, 0x00, 0x00, 0x00, 0x00,
    0x00, 0x00, 0x00, 0x00, 0x00, 0x00, 0x00, 0x00, 0x00, 0x00, 0x00, 0x00,
    0x00, 0x00, 0x00, 0x00, 0x00, 0x00, 0x00, 0x00, 0x00, 0x00, 0x00, 0x00,
    0x00, 0x00, 0x00, 0x00, 0x00, 0x00, 0x00, 0x00, 0x00, 0x00, 0x00, 0x00,
    0x00, 0x00, 0x00, 0x00, 0x00, 0x00, 0x00, 0x00, 0x00, 0x00, 0x00, 0x00,
    0x00, 0x00, 0x00, 0x00, 0x00, 0x00, 0x00, 0x00, 0x00, 0x00, 0x00, 0x00,
    0x00, 0x00, 0x00, 0x00, 0x00, 0x00, 0x00, 0x00, 0x50, 0x24, 0x08, 0x28,
    0xc8, 0x60, 0x18, 0xba, 0xf0, 0x74, 0x18, 0xff, 0xf0, 0x74, 0x18, 0xff,
    0xf0, 0x74, 0x20, 0xff, 0xf0, 0x74, 0x18, 0xff, 0xf0, 0x70, 0x18, 0xff,
    0xf0, 0x74, 0x20, 0xff, 0xf0, 0x74, 0x18, 0xff, 0xf0, 0x70, 0x18, 0xff,
    0xf0, 0x74, 0x18, 0xff, 0xf0, 0x74, 0x18, 0xff, 0xf8, 0x70, 0x20, 0xff,
    0xf0, 0x74, 0x18, 0xff, 0xf0, 0x74, 0x20, 0xff, 0xf0, 0x70, 0x18, 0xff,
    0xf0, 0x70, 0x18, 0xff, 0xf0, 0x74, 0x20, 0xff, 0xf0, 0x74, 0x18, 0xff,
    0xf0, 0x70, 0x18, 0xff, 0xf0, 0x74, 0x20, 0xff, 0xf0, 0x74, 0x18, 0xff,
    0xf0, 0x74, 0x18, 0xff, 0xf0, 0x70, 0x20, 0xff, 0xf0, 0x74, 0x18, 0xff,
    0xf0, 0x74, 0x18, 0xff, 0xf0, 0x74, 0x18, 0xff, 0xf0, 0x70, 0x20, 0xff,
    0xf0, 0x74, 0x18, 0xff, 0xf0, 0x70, 0x20, 0xff, 0xf0, 0x74, 0x18, 0xff,
    0xf8, 0x74, 0x20, 0xff, 0xf0, 0x70, 0x18, 0xff, 0xf0, 0x74, 0x18, 0xff,
    0xf8, 0x74, 0x20, 0xff, 0xf0, 0x70, 0x18, 0xff, 0xf0, 0x74, 0x18, 0xff,
    0xf0, 0x74, 0x18, 0xff, 0xf0, 0x70, 0x20, 0xff, 0xf0, 0x74, 0x20, 0xff,
    0xf0, 0x74, 0x18, 0xff, 0xf0, 0x74, 0x20, 0xff, 0xf0, 0x74, 0x18, 0xff,
    0xf0, 0x74, 0x18, 0xff, 0xc8, 0x60, 0x18, 0xba, 0x50, 0x24, 0x08, 0x28,
    0x00, 0x00, 0x00, 0x00, 0x00, 0x00, 0x00, 0x00, 0x00, 0x00, 0x00, 0x00,
    0x00, 0x00, 0x00, 0x00, 0x00, 0x00, 0x00, 0x00, 0x00, 0x00, 0x00, 0x00,
    0x00, 0x00, 0x00, 0x00, 0x00, 0x00, 0x00, 0x00, 0x00, 0x00, 0x00, 0x00,
    0x00, 0x00, 0x00, 0x00, 0x00, 0x00, 0x00, 0x00, 0x00, 0x00, 0x00, 0x00,
    0x00, 0x00, 0x00, 0x00, 0x00, 0x00, 0x00, 0x00, 0x00, 0x00, 0x00, 0x00,
    0x00, 0x00, 0x00, 0x00, 0x00, 0x00, 0x00, 0x00, 0x00, 0x00, 0x00, 0x00,
    0x00, 0x00, 0x00, 0x00, 0x00, 0x00, 0x00, 0x00, 0x00, 0x00, 0x00, 0x00,
    0x00, 0x00, 0x00, 0x00, 0x00, 0x00, 0x00, 0x00, 0x00, 0x00, 0x00, 0x00,
    0x00, 0x00, 0x00, 0x00, 0x00, 0x00, 0x00, 0x00, 0x00, 0x00, 0x00, 0x00,
    0x00, 0x00, 0x00, 0x00, 0x00, 0x00, 0x00, 0x00, 0x00, 0x00, 0x00, 0x00,
    0x00, 0x00, 0x00, 0x00, 0x00, 0x00, 0x00, 0x00, 0x00, 0x00, 0x00, 0x00,
    0x98, 0x48, 0x10, 0x65, 0xe8, 0x70, 0x18, 0xe7, 0xf0, 0x74, 0x18, 0xff,
    0xf0, 0x74, 0x20, 0xff, 0xf0, 0x74, 0x18, 0xff, 0xf0, 0x70, 0x20, 0xff,
    0xf0, 0x74, 0x18, 0xff, 0xf0, 0x74, 0x18, 0xff, 0xf0, 0x74, 0x20, 0xff,
    0xf0, 0x74, 0x18, 0xff, 0xf0, 0x70, 0x20, 0xff, 0xf0, 0x74, 0x20, 0xff,
    0xf0, 0x74, 0x18, 0xff, 0xf0, 0x74, 0x18, 0xff, 0xf0, 0x74, 0x20, 0xff,
    0xf0, 0x74, 0x18, 0xff, 0xf0, 0x74, 0x18, 0xff, 0xf0, 0x74, 0x20, 0xff,
    0xf8, 0x70, 0x18, 0xff, 0xf0, 0x74, 0x20, 0xff, 0xf0, 0x74, 0x18, 0xff,
    0xf8, 0x70, 0x20, 0xff, 0xf0, 0x74, 0x18, 0xff, 0xf0, 0x74, 0x20, 0xff,
    0xf8, 0x74, 0x20, 0xff, 0xf0, 0x74, 0x18, 0xff, 0xf0, 0x74, 0x18, 0xff,
    0xf8, 0x70, 0x20, 0xff, 0xf0, 0x74, 0x18, 0xff, 0xf0, 0x74, 0x18, 0xff,
    0xf0, 0x74, 0x18, 0xff, 0xf0, 0x70, 0x20, 0xff, 0xf0, 0x74, 0x18, 0xff,
    0xf0, 0x74, 0x20, 0xff, 0xf0, 0x74, 0x18, 0xff, 0xf0, 0x74, 0x20, 0xff,
    0xf0, 0x74, 0x18, 0xff, 0xf0, 0x74, 0x18, 0xff, 0xf0, 0x74, 0x20, 0xff,
    0xf0, 0x74, 0x18, 0xff, 0xf0, 0x74, 0x18, 0xff, 0xf0, 0x74, 0x20, 0xff,
    0xf0, 0x70, 0x18, 0xff, 0xf0, 0x74, 0x20, 0xff, 0xf0, 0x74, 0x18, 0xff,
    0xf0, 0x74, 0x18, 0xff, 0xe8, 0x6c, 0x18, 0xe7, 0x98, 0x48, 0x10, 0x65,
    0x00, 0x00, 0x00, 0x00, 0x00, 0x00, 0x00, 0x00, 0x00, 0x00, 0x00, 0x00,
    0x00, 0x00, 0x00, 0x00, 0x00, 0x00, 0x00, 0x00, 0x00, 0x00, 0x00, 0x00,
    0x00, 0x00, 0x00, 0x00, 0x00, 0x00, 0x00, 0x00, 0x00, 0x00, 0x00, 0x00,
    0x00, 0x00, 0x00, 0x00, 0x00, 0x00, 0x00, 0x00, 0x00, 0x00, 0x00, 0x00,
    0x00, 0x00, 0x00, 0x00, 0x00, 0x00, 0x00, 0x00, 0x00, 0x00, 0x00, 0x00,
    0x00, 0x00, 0x00, 0x00, 0x00, 0x00, 0x00, 0x00, 0x00, 0x00, 0x00, 0x00,
    0x00, 0x00, 0x00, 0x00, 0x00, 0x00, 0x00, 0x00, 0x00, 0x00, 0x00, 0x00,
    0x00, 0x00, 0x00, 0x00, 0x00, 0x00, 0x00, 0x00, 0x00, 0x00, 0x00, 0x00,
    0x00, 0x00, 0x00, 0x00, 0x00, 0x00, 0x00, 0x00, 0x00, 0x00, 0x00, 0x00,
    0x00, 0x00, 0x00, 0x00, 0x00, 0x00, 0x00, 0x00, 0x00, 0x00, 0x00, 0x00,
    0x30, 0x18, 0x08, 0x14, 0xb8, 0x58, 0x10, 0x96, 0xf0, 0x74, 0x18, 0xff,
    0xf0, 0x74, 0x20, 0xff, 0xf0, 0x74, 0x18, 0xff, 0xf0, 0x70, 0x18, 0xff,
    0xf0, 0x74, 0x20, 0xff, 0xf0, 0x74, 0x18, 0xff, 0xf0, 0x70, 0x18, 0xff,
    0xf0, 0x74, 0x20, 0xff, 0xf0, 0x74, 0x18, 0xff, 0xf0, 0x70, 0x18, 0xff,
    0xf8, 0x74, 0x18, 0xff, 0xf0, 0x74, 0x20, 0xff, 0xf0, 0x70, 0x18, 0xff,
    0xf0, 0x74, 0x18, 0xff, 0xf0, 0x70, 0x20, 0xff, 0xf8, 0x74, 0x18, 0xff,
    0xf0, 0x74, 0x20, 0xff, 0xf0, 0x74, 0x18, 0xff, 0xf0, 0x74, 0x18, 0xff,
    0xf0, 0x74, 0x20, 0xff, 0xf0, 0x74, 0x18, 0xff, 0xf0, 0x70, 0x18, 0xff,
    0xf0, 0x74, 0x18, 0xff, 0xf0, 0x70, 0x18, 0xff, 0xf0, 0x74, 0x18, 0xff,
    0xf0, 0x74, 0x20, 0xff, 0xf0, 0x70, 0x18, 0xff, 0xf0, 0x74, 0x18, 0xff,
    0xf0, 0x74, 0x20, 0xff, 0xf0, 0x74, 0x18, 0xff, 0xf8, 0x74, 0x18, 0xff,
    0xf0, 0x74, 0x20, 0xff, 0xf0, 0x74, 0x18, 0xff, 0xf0, 0x70, 0x18, 0xff,
    0xf0, 0x74, 0x20, 0xff, 0xf0, 0x70, 0x18, 0xff, 0xf8, 0x74, 0x20, 0xff,
    0xf0, 0x70, 0x18, 0xff, 0xf0, 0x70, 0x20, 0xff, 0xf8, 0x74, 0x18, 0xff,
    0xf0, 0x74, 0x18, 0xff, 0xf0, 0x70, 0x18, 0xff, 0xf0, 0x74, 0x18, 0xff,
    0xf0, 0x74, 0x20, 0xff, 0xf0, 0x74, 0x20, 0xff, 0xf0, 0x74, 0x18, 0xff,
    0xf0, 0x74, 0x20, 0xff, 0xf0, 0x74, 0x18, 0xff, 0xb8, 0x58, 0x18, 0x96,
    0x30, 0x18, 0x08, 0x14, 0x00, 0x00, 0x00, 0x00, 0x00, 0x00, 0x00, 0x00,
    0x00, 0x00, 0x00, 0x00, 0x00, 0x00, 0x00, 0x00, 0x00, 0x00, 0x00, 0x00,
    0x00, 0x00, 0x00, 0x00, 0x00, 0x00, 0x00, 0x00, 0x00, 0x00, 0x00, 0x00,
    0x00, 0x00, 0x00, 0x00, 0x00, 0x00, 0x00, 0x00, 0x00, 0x00, 0x00, 0x00,
    0x00, 0x00, 0x00, 0x00, 0x00, 0x00, 0x00, 0x00, 0x00, 0x00, 0x00, 0x00,
    0x00, 0x00, 0x00, 0x00, 0x00, 0x00, 0x00, 0x00, 0x00, 0x00, 0x00, 0x00,
    0x00, 0x00, 0x00, 0x00, 0x00, 0x00, 0x00, 0x00, 0x00, 0x00, 0x00, 0x00,
    0x00, 0x00, 0x00, 0x00, 0x00, 0x00, 0x00, 0x00, 0x00, 0x00, 0x00, 0x00,
    0x00, 0x00, 0x00, 0x00, 0x00, 0x00, 0x00, 0x00, 0x00, 0x00, 0x00, 0x00,
    0x00, 0x00, 0x00, 0x00, 0x28, 0x10, 0x00, 0x14, 0xe0, 0x68, 0x18, 0xc3,
    0xf0, 0x74, 0x18, 0xff, 0xf0, 0x74, 0x20, 0xff, 0xf0, 0x70, 0x18, 0xff,
    0xf0, 0x74, 0x20, 0xff, 0xf0, 0x74, 0x18, 0xff, 0xf0, 0x74, 0x18, 0xff,
    0xf0, 0x74, 0x20, 0xff, 0xf0, 0x74, 0x18, 0xff, 0xf0, 0x70, 0x20, 0xff,
    0xf0, 0x74, 0x18, 0xff, 0xf0, 0x74, 0x18, 0xff, 0xf0, 0x74, 0x20, 0xff,
    0xf0, 0x74, 0x18, 0xff, 0xf0, 0x74, 0x18, 0xff, 0xf0, 0x70, 0x20, 0xff,
    0xf0, 0x74, 0x18, 0xff, 0xf0, 0x74, 0x18, 0xff, 0xf0, 0x70, 0x20, 0xff,
    0xf0, 0x70, 0x18, 0xff, 0xf0, 0x74, 0x18, 0xff, 0xf0, 0x74, 0x20, 0xff,
    0xf0, 0x70, 0x18, 0xff, 0xf0, 0x74, 0x20, 0xff, 0xf0, 0x74, 0x20, 0xff,
    0xf8, 0x74, 0x18, 0xff, 0xf0, 0x70, 0x18, 0xff, 0xf0, 0x74, 0x20, 0xff,
    0xf0, 0x74, 0x18, 0xff, 0xf0, 0x74, 0x18, 0xff, 0xf0, 0x70, 0x20, 0xff,
    0xf0, 0x74, 0x20, 0xff, 0xf0, 0x70, 0x18, 0xff, 0xf0, 0x74, 0x18, 0xff,
    0xf0, 0x74, 0x20, 0xff, 0xf8, 0x74, 0x18, 0xff, 0xf0, 0x70, 0x18, 0xff,
    0xf0, 0x74, 0x20, 0xff, 0xf0, 0x74, 0x18, 0xff, 0xf0, 0x74, 0x18, 0xff,
    0xf0, 0x74, 0x18, 0xff, 0xf0, 0x74, 0x20, 0xff, 0xf0, 0x70, 0x20, 0xff,
    0xf0, 0x74, 0x18, 0xff, 0xf8, 0x74, 0x18, 0xff, 0xf0, 0x70, 0x18, 0xff,
    0xf0, 0x74, 0x18, 0xff, 0xf0, 0x74, 0x20, 0xff, 0xf0, 0x74, 0x18, 0xff,
    0xf0, 0x74, 0x18, 0xff, 0xf0, 0x74, 0x18, 0xff, 0xe0, 0x68, 0x18, 0xc3,
    0x28, 0x10, 0x00, 0x14, 0x00, 0x00, 0x00, 0x00, 0x00, 0x00, 0x00, 0x00,
    0x00, 0x00, 0x00, 0x00, 0x00, 0x00, 0x00, 0x00, 0x00, 0x00, 0x00, 0x00,
    0x00, 0x00, 0x00, 0x00, 0x00, 0x00, 0x00, 0x00, 0x00, 0x00, 0x00, 0x00,
    0x00, 0x00, 0x00, 0x00, 0x00, 0x00, 0x00, 0x00, 0x00, 0x00, 0x00, 0x00,
    0x00, 0x00, 0x00, 0x00, 0x00, 0x00, 0x00, 0x00, 0x00, 0x00, 0x00, 0x00,
    0x00, 0x00, 0x00, 0x00, 0x00, 0x00, 0x00, 0x00, 0x00, 0x00, 0x00, 0x00,
    0x00, 0x00, 0x00, 0x00, 0x00, 0x00, 0x00, 0x00, 0x00, 0x00, 0x00, 0x00,
    0x00, 0x00, 0x00, 0x00, 0x00, 0x00, 0x00, 0x00, 0x00, 0x00, 0x00, 0x00,
    0x00, 0x00, 0x00, 0x00, 0x00, 0x00, 0x00, 0x00, 0x68, 0x30, 0x10, 0x2c,
    0xe0, 0x68, 0x18, 0xd7, 0xf0, 0x74, 0x18, 0xff, 0xf0, 0x74, 0x20, 0xff,
    0xf0, 0x70, 0x18, 0xff, 0xf0, 0x74, 0x18, 0xff, 0xf0, 0x74, 0x20, 0xff,
    0xf0, 0x70, 0x18, 0xff, 0xf0, 0x74, 0x18, 0xff, 0xf8, 0x74, 0x20, 0xff,
    0xf0, 0x70, 0x18, 0xff, 0xf0, 0x74, 0x18, 0xff, 0xf8, 0x74, 0x20, 0xff,
    0xf0, 0x74, 0x20, 0xff, 0xf0, 0x70, 0x18, 0xff, 0xf0, 0x74, 0x18, 0xff,
    0xf8, 0x74, 0x20, 0xff, 0xf0, 0x74, 0x18, 0xff, 0xf0, 0x74, 0x18, 0xff,
    0xf0, 0x74, 0x20, 0xff, 0xf0, 0x74, 0x18, 0xff, 0xf8, 0x74, 0x20, 0xff,
    0xf0, 0x74, 0x18, 0xff, 0xf0, 0x70, 0x18, 0xff, 0xf8, 0x74, 0x20, 0xff,
    0xf0, 0x74, 0x18, 0xff, 0xf0, 0x74, 0x18, 0xff, 0xf0, 0x74, 0x20, 0xff,
    0xf0, 0x74, 0x20, 0xff, 0xf0, 0x70, 0x18, 0xff, 0xf8, 0x74, 0x20, 0xff,
    0xf0, 0x74, 0x18, 0xff, 0xf0, 0x74, 0x18, 0xff, 0xf8, 0x74, 0x20, 0xff,
    0xf0, 0x74, 0x18, 0xff, 0xf0, 0x70, 0x18, 0xff, 0xf0, 0x74, 0x20, 0xff,
    0xf0, 0x74, 0x18, 0xff, 0xf0, 0x74, 0x18, 0xff, 0xf0, 0x74, 0x20, 0xff,
    0xf0, 0x74, 0x18, 0xff, 0xf0, 0x70, 0x18, 0xff, 0xf0, 0x74, 0x20, 0xff,
    0xf0, 0x74, 0x18, 0xff, 0xf0, 0x74, 0x18, 0xff, 0xf0, 0x74, 0x20, 0xff,
    0xf0, 0x74, 0x20, 0xff, 0xf0, 0x70, 0x18, 0xff, 0xf0, 0x74, 0x18, 0xff,
    0xf0, 0x70, 0x20, 0xff, 0xf0, 0x70, 0x18, 0xff, 0xf0, 0x74, 0x20, 0xff,
    0xf0, 0x74, 0x18, 0xff, 0xf0, 0x74, 0x18, 0xff, 0xe0, 0x68, 0x18, 0xd7,
    0x68, 0x30, 0x10, 0x2c, 0x00, 0x00, 0x00, 0x00, 0x00, 0x00, 0x00, 0x00,
    0x00, 0x00, 0x00, 0x00, 0x00, 0x00, 0x00, 0x00, 0x00, 0x00, 0x00, 0x00,
    0x00, 0x00, 0x00, 0x00, 0x00, 0x00, 0x00, 0x00, 0x00, 0x00, 0x00, 0x00,
    0x00, 0x00, 0x00, 0x00, 0x00, 0x00, 0x00, 0x00, 0x00, 0x00, 0x00, 0x00,
    0x00, 0x00, 0x00, 0x00, 0x00, 0x00, 0x00, 0x00, 0x00, 0x00, 0x00, 0x00,
    0x00, 0x00, 0x00, 0x00, 0x00, 0x00, 0x00, 0x00, 0x00, 0x00, 0x00, 0x00,
    0x00, 0x00, 0x00, 0x00, 0x00, 0x00, 0x00, 0x00, 0x00, 0x00, 0x00, 0x00,
    0x00, 0x00, 0x00, 0x00, 0x00, 0x00, 0x00, 0x00, 0x00, 0x00, 0x00, 0x00,
    0x70, 0x34, 0x08, 0x28, 0xf0, 0x74, 0x18, 0xdf, 0xf0, 0x74, 0x20, 0xff,
    0xf0, 0x74, 0x18, 0xff, 0xf0, 0x74, 0x20, 0xff, 0xf0, 0x74, 0x18, 0xff,
    0xf0, 0x74, 0x18, 0xff, 0xf0, 0x74, 0x20, 0xff, 0xf0, 0x70, 0x18, 0xff,
    0xf0, 0x74, 0x20, 0xff, 0xf0, 0x74, 0x18, 0xff, 0xf0, 0x74, 0x18, 0xff,
    0xf0, 0x74, 0x20, 0xff, 0xf0, 0x70, 0x18, 0xff, 0xf0, 0x74, 0x18, 0xff,
    0xf0, 0x74, 0x20, 0xff, 0xf0, 0x70, 0x18, 0xff, 0xf0, 0x74, 0x20, 0xff,
    0xf0, 0x74, 0x18, 0xff, 0xf8, 0x70, 0x20, 0xff, 0xf0, 0x74, 0x18, 0xff,
    0xf0, 0x74, 0x18, 0xff, 0xf0, 0x70, 0x20, 0xff, 0xf0, 0x74, 0x18, 0xff,
    0xf0, 0x74, 0x18, 0xff, 0xf0, 0x74, 0x20, 0xff, 0xf0, 0x70, 0x18, 0xff,
    0xf0, 0x74, 0x18, 0xff, 0xf0, 0x74, 0x18, 0xff, 0xf0, 0x70, 0x18, 0xff,
    0xf0, 0x74, 0x18, 0xff, 0xf0, 0x74, 0x20, 0xff, 0xf0, 0x70, 0x18, 0xff,
    0xf0, 0x74, 0x18, 0xff, 0xf0, 0x74, 0x20, 0xff, 0xf0, 0x74, 0x18, 0xff,
    0xf0, 0x70, 0x18, 0xff, 0xf0, 0x74, 0x20, 0xff, 0xf0, 0x74, 0x18, 0xff,
    0xf8, 0x70, 0x18, 0xff, 0xf0, 0x74, 0x20, 0xff, 0xf0, 0x74, 0x18, 0xff,
    0xf8, 0x70, 0x20, 0xff, 0xf0, 0x74, 0x20, 0xff, 0xf0, 0x74, 0x18, 0xff,
    0xf8, 0x70, 0x18, 0xff, 0xf0, 0x74, 0x20, 0xff, 0xf0, 0x74, 0x18, 0xff,
    0xf0, 0x74, 0x20, 0xff, 0xf8, 0x74, 0x18, 0xff, 0xf0, 0x74, 0x18, 0xff,
    0xf0, 0x74, 0x20, 0xff, 0xf0, 0x70, 0x18, 0xff, 0xf0, 0x74, 0x20, 0xff,
    0xf0, 0x74, 0x20, 0xff, 0xf0, 0x74, 0x18, 0xff, 0xf0, 0x74, 0x18, 0xdf,
    0x70, 0x34, 0x10, 0x28, 0x00, 0x00, 0x00, 0x00, 0x00, 0x00, 0x00, 0x00,
    0x00, 0x00, 0x00, 0x00, 0x00, 0x00, 0x00, 0x00, 0x00, 0x00, 0x00, 0x00,
    0x00, 0x00, 0x00, 0x00, 0x00, 0x00, 0x00, 0x00, 0x00, 0x00, 0x00, 0x00,
    0x00, 0x00, 0x00, 0x00, 0x00, 0x00, 0x00, 0x00, 0x00, 0x00, 0x00, 0x00,
    0x00, 0x00, 0x00, 0x00, 0x00, 0x00, 0x00, 0x00, 0x00, 0x00, 0x00, 0x00,
    0x00, 0x00, 0x00, 0x00, 0x00, 0x00, 0x00, 0x00, 0x00, 0x00, 0x00, 0x00,
    0x00, 0x00, 0x00, 0x00, 0x00, 0x00, 0x00, 0x00, 0x00, 0x00, 0x00, 0x00,
    0x00, 0x00, 0x00, 0x00, 0x68, 0x30, 0x10, 0x2c, 0xf0, 0x74, 0x18, 0xdf,
    0xf0, 0x74, 0x18, 0xff, 0xf0, 0x74, 0x20, 0xff, 0xf0, 0x74, 0x18, 0xff,
    0xf0, 0x70, 0x18, 0xff, 0xf0, 0x74, 0x20, 0xff, 0xf0, 0x74, 0x18, 0xff,
    0xf8, 0x70, 0x18, 0xff, 0xf0, 0x74, 0x20, 0xff, 0xf0, 0x74, 0x18, 0xff,
    0xf0, 0x70, 0x18, 0xff, 0xf0, 0x74, 0x20, 0xff, 0xf0, 0x74, 0x18, 0xff,
    0xf0, 0x70, 0x18, 0xff, 0xf8, 0x74, 0x20, 0xff, 0xf0, 0x74, 0x18, 0xff,
    0xf0, 0x74, 0x18, 0xff, 0xf0, 0x70, 0x18, 0xff, 0xf0, 0x74, 0x20, 0xff,
    0xf0, 0x74, 0x18, 0xff, 0xf0, 0x70, 0x18, 0xff, 0xf0, 0x74, 0x20, 0xff,
    0xf0, 0x74, 0x18, 0xff, 0xf0, 0x70, 0x20, 0xff, 0xf0, 0x74, 0x18, 0xff,
    0xf0, 0x74, 0x18, 0xff, 0xf8, 0x70, 0x20, 0xff, 0xf0, 0x74, 0x20, 0xff,
    0xf0, 0x74, 0x18, 0xff, 0xf8, 0x74, 0x20, 0xff, 0xf0, 0x74, 0x18, 0xff,
    0xf0, 0x74, 0x18, 0xff, 0xf0, 0x70, 0x20, 0xff, 0xf0, 0x74, 0x18, 0xff,
    0xf0, 0x74, 0x20, 0xff, 0xf8, 0x70, 0x18, 0xff, 0xf0, 0x74, 0x20, 0xff,
    0xf0, 0x74, 0x18, 0xff, 0xf0, 0x74, 0x20, 0xff, 0xf0, 0x70, 0x18, 0xff,
    0xf0, 0x74, 0x18, 0xff, 0xf0, 0x74, 0x20, 0xff, 0xf0, 0x74, 0x18, 0xff,
    0xf0, 0x74, 0x18, 0xff, 0xf0, 0x70, 0x18, 0xff, 0xf0, 0x74, 0x20, 0xff,
    0xf0, 0x74, 0x18, 0xff, 0xf0, 0x70, 0x18, 0xff, 0xf0, 0x74, 0x20, 0xff,
    0xf0, 0x74, 0x18, 0xff, 0xf0, 0x74, 0x18, 0xff, 0xf8, 0x74, 0x20, 0xff,
    0xf0, 0x74, 0x18, 0xff, 0xf0, 0x70, 0x18, 0xff, 0xf0, 0x74, 0x20, 0xff,
    0xf0, 0x74, 0x18, 0xff, 0xf0, 0x74, 0x18, 0xff, 0xf0, 0x74, 0x18, 0xdf,
    0x70, 0x30, 0x10, 0x2c, 0x00, 0x00, 0x00, 0x00, 0x00, 0x00, 0x00, 0x00,
    0x00, 0x00, 0x00, 0x00, 0x00, 0x00, 0x00, 0x00, 0x00, 0x00, 0x00, 0x00,
    0x00, 0x00, 0x00, 0x00, 0x00, 0x00, 0x00, 0x00, 0x00, 0x00, 0x00, 0x00,
    0x00, 0x00, 0x00, 0x00, 0x00, 0x00, 0x00, 0x00, 0x00, 0x00, 0x00, 0x00,
    0x00, 0x00, 0x00, 0x00, 0x00, 0x00, 0x00, 0x00, 0x00, 0x00, 0x00, 0x00,
    0x00, 0x00, 0x00, 0x00, 0x00, 0x00, 0x00, 0x00, 0x00, 0x00, 0x00, 0x00,
    0x00, 0x00, 0x00, 0x00, 0x00, 0x00, 0x00, 0x00, 0x28, 0x10, 0x00, 0x14,
    0xe0, 0x68, 0x18, 0xd7, 0xf0, 0x74, 0x20, 0xff, 0xf0, 0x74, 0x18, 0xff,
    0xf0, 0x74, 0x18, 0xff, 0xf0, 0x70, 0x20, 0xff, 0xf0, 0x74, 0x18, 0xff,
    0xf0, 0x74, 0x20, 0xff, 0xf0, 0x70, 0x18, 0xff, 0xf0, 0x74, 0x18, 0xff,
    0xf0, 0x74, 0x20, 0xff, 0xf0, 0x74, 0x18, 0xff, 0xf8, 0x70, 0x20, 0xff,
    0xf0, 0x74, 0x18, 0xff, 0xf0, 0x74, 0x18, 0xff, 0xf0, 0x74, 0x20, 0xff,
    0xf0, 0x74, 0x18, 0xff, 0xf0, 0x74, 0x20, 0xff, 0xf8, 0x70, 0x18, 0xff,
    0xf0, 0x74, 0x20, 0xff, 0xf0, 0x74, 0x18, 0xff, 0xf0, 0x74, 0x18, 0xff,
    0xf0, 0x74, 0x20, 0xff, 0xf8, 0x74, 0x18, 0xff, 0xf0, 0x74, 0x18, 0xff,
    0xf0, 0x74, 0x20, 0xff, 0xf8, 0x74, 0x18, 0xff, 0xf0, 0x74, 0x18, 0xff,
    0xf0, 0x74, 0x20, 0xff, 0xf0, 0x70, 0x18, 0xff, 0xf8, 0x78, 0x28, 0xff,
    0xf0, 0x78, 0x28, 0xff, 0xf0, 0x74, 0x18, 0xff, 0xf0, 0x74, 0x18, 0xff,
    0xf8, 0x74, 0x20, 0xff, 0xf0, 0x70, 0x18, 0xff, 0xf0, 0x74, 0x18, 0xff,
    0xf0, 0x74, 0x20, 0xff, 0xf0, 0x74, 0x18, 0xff, 0xf0, 0x74, 0x18, 0xff,
    0xf8, 0x70, 0x20, 0xff, 0xf0, 0x74, 0x18, 0xff, 0xf0, 0x74, 0x18, 0xff,
    0xf0, 0x70, 0x20, 0xff, 0xf0, 0x74, 0x18, 0xff, 0xf0, 0x74, 0x18, 0xff,
    0xf8, 0x74, 0x20, 0xff, 0xf0, 0x74, 0x18, 0xff, 0xf0, 0x74, 0x18, 0xff,
    0xf8, 0x70, 0x20, 0xff, 0xf0, 0x74, 0x18, 0xff, 0xf0, 0x70, 0x20, 0xff,
    0xf0, 0x70, 0x18, 0xff, 0xf0, 0x74, 0x18, 0xff, 0xf0, 0x74, 0x20, 0xff,
    0xf0, 0x74, 0x18, 0xff, 0xf0, 0x70, 0x18, 0xff, 0xf0, 0x74, 0x20, 0xff,
    0xf0, 0x74, 0x18, 0xff, 0xf0, 0x74, 0x18, 0xff, 0xe0, 0x68, 0x18, 0xd7,
    0x28, 0x10, 0x08, 0x14, 0x00, 0x00, 0x00, 0x00, 0x00, 0x00, 0x00, 0x00,
    0x00, 0x00, 0x00, 0x00, 0x00, 0x00, 0x00, 0x00, 0x00, 0x00, 0x00, 0x00,
    0x00, 0x00, 0x00, 0x00, 0x00, 0x00, 0x00, 0x00, 0x00, 0x00, 0x00, 0x00,
    0x00, 0x00, 0x00, 0x00, 0x00, 0x00, 0x00, 0x00, 0x00, 0x00, 0x00, 0x00,
    0x00, 0x00, 0x00, 0x00, 0x00, 0x00, 0x00, 0x00, 0x00, 0x00, 0x00, 0x00,
    0x00, 0x00, 0x00, 0x00, 0x00, 0x00, 0x00, 0x00, 0x00, 0x00, 0x00, 0x00,
    0x30, 0x18, 0x08, 0x14, 0xe0, 0x68, 0x18, 0xc3, 0xf0, 0x74, 0x18, 0xff,
    0xf0, 0x74, 0x20, 0xff, 0xf0, 0x74, 0x18, 0xff, 0xf0, 0x70, 0x18, 0xff,
    0xf0, 0x74, 0x20, 0xff, 0xf0, 0x74, 0x18, 0xff, 0xf8, 0x74, 0x18, 0xff,
    0xf0, 0x74, 0x20, 0xff, 0xf0, 0x74, 0x18, 0xff, 0xf0, 0x74, 0x18, 0xff,
    0xf0, 0x74, 0x20, 0xff, 0xf0, 0x74, 0x18, 0xff, 0xf0, 0x70, 0x20, 0xff,
    0xf8, 0x74, 0x18, 0xff, 0xf0, 0x74, 0x18, 0xff, 0xf0, 0x70, 0x20, 0xff,
    0xf0, 0x74, 0x18, 0xff, 0xf0, 0x74, 0x18, 0xff, 0xf0, 0x74, 0x20, 0xff,
    0xf0, 0x70, 0x18, 0xff, 0xf8, 0x74, 0x20, 0xff, 0xf0, 0x70, 0x18, 0xff,
    0xf0, 0x70, 0x18, 0xff, 0xf0, 0x74, 0x20, 0xff, 0xf0, 0x74, 0x18, 0xff,
    0xf0, 0x70, 0x20, 0xff, 0xf0, 0x74, 0x18, 0xff, 0xf0, 0x7c, 0x28, 0xff,
    0xf8, 0xd0, 0xb8, 0xff, 0xf8, 0xfc, 0xf8, 0xff, 0xf8, 0xfc, 0xf8, 0xff,
    0xf8, 0xc8, 0xa8, 0xff, 0xf8, 0x80, 0x30, 0xff, 0xf0, 0x74, 0x20, 0xff,
    0xf0, 0x74, 0x18, 0xff, 0xf0, 0x70, 0x18, 0xff, 0xf0, 0x74, 0x20, 0xff,
    0xf0, 0x74, 0x18, 0xff, 0xf0, 0x70, 0x18, 0xff, 0xf0, 0x74, 0x20, 0xff,
    0xf0, 0x74, 0x18, 0xff, 0xf0, 0x74, 0x20, 0xff, 0xf8, 0x70, 0x18, 0xff,
    0xf0, 0x74, 0x20, 0xff, 0xf0, 0x74, 0x18, 0xff, 0xf0, 0x70, 0x20, 0xff,
    0xf0, 0x74, 0x18, 0xff, 0xf0, 0x74, 0x18, 0xff, 0xf0, 0x74, 0x20, 0xff,
    0xf0, 0x74, 0x18, 0xff, 0xf0, 0x74, 0x18, 0xff, 0xf0, 0x74, 0x20, 0xff,
    0xf0, 0x70, 0x18, 0xff, 0xf0, 0x74, 0x20, 0xff, 0xf8, 0x74, 0x18, 0xff,
    0xf0, 0x74, 0x18, 0xff, 0xf0, 0x70, 0x20, 0xff, 0xf0, 0x74, 0x20, 0xff,
    0xf0, 0x74, 0x18, 0xff, 0xf0, 0x74, 0x18, 0xff, 0xe0, 0x68, 0x18, 0xc7,
    0x30, 0x18, 0x08, 0x14, 0x00, 0x00, 0x00, 0x00, 0x00, 0x00, 0x00, 0x00,
    0x00, 0x00, 0x00, 0x00, 0x00, 0x00, 0x00, 0x00, 0x00, 0x00, 0x00, 0x00,
    0x00, 0x00, 0x00, 0x00, 0x00, 0x00, 0x00, 0x00, 0x00, 0x00, 0x00, 0x00,
    0x00, 0x00, 0x00, 0x00, 0x00, 0x00, 0x00, 0x00, 0x00, 0x00, 0x00, 0x00,
    0x00, 0x00, 0x00, 0x00, 0x00, 0x00, 0x00, 0x00, 0x00, 0x00, 0x00, 0x00,
    0x00, 0x00, 0x00, 0x00, 0x00, 0x00, 0x00, 0x00, 0xb8, 0x58, 0x10, 0x96,
    0xf0, 0x74, 0x18, 0xff, 0xf0, 0x74, 0x20, 0xff, 0xf0, 0x74, 0x18, 0xff,
    0xf0, 0x70, 0x18, 0xff, 0xf0, 0x74, 0x20, 0xff, 0xf0, 0x74, 0x18, 0xff,
    0xf0, 0x70, 0x18, 0xff, 0xf0, 0x74, 0x20, 0xff, 0xf0, 0x74, 0x18, 0xff,
    0xf0, 0x70, 0x20, 0xff, 0xf8, 0x70, 0x18, 0xff, 0xf0, 0x74, 0x18, 0xff,
    0xf0, 0x74, 0x20, 0xff, 0xf0, 0x74, 0x18, 0xff, 0xf0, 0x70, 0x20, 0xff,
    0xf0, 0x74, 0x18, 0xff, 0xf0, 0x74, 0x18, 0xff, 0xf0, 0x70, 0x20, 0xff,
    0xf0, 0x74, 0x18, 0xff, 0xf0, 0x74, 0x18, 0xff, 0xf0, 0x74, 0x20, 0xff,
    0xf0, 0x74, 0x18, 0xff, 0xf0, 0x74, 0x20, 0xff, 0xf0, 0x74, 0x18, 0xff,
    0xf0, 0x74, 0x18, 0xff, 0xf0, 0x70, 0x20, 0xff, 0xf0, 0x74, 0x18, 0xff,
    0xf0, 0x74, 0x18, 0xff, 0xf8, 0xc8, 0xa8, 0xff, 0xf8, 0xfc, 0xf8, 0xff,
    0xf8, 0xfc, 0xf8, 0xff, 0xf8, 0xfc, 0xf8, 0xff, 0xf8, 0xfc, 0xf8, 0xff,
    0xf8, 0xe8, 0xd8, 0xff, 0xf8, 0x8c, 0x48, 0xff, 0xf0, 0x74, 0x18, 0xff,
    0xf0, 0x74, 0x20, 0xff, 0xf8, 0x74, 0x18, 0xff, 0xf0, 0x70, 0x18, 0xff,
    0xf0, 0x74, 0x20, 0xff, 0xf0, 0x74, 0x18, 0xff, 0xf0, 0x74, 0x18, 0xff,
    0xf0, 0x74, 0x20, 0xff, 0xf0, 0x74, 0x18, 0xff, 0xf0, 0x74, 0x18, 0xff,
    0xf0, 0x70, 0x20, 0xff, 0xf0, 0x74, 0x18, 0xff, 0xf0, 0x70, 0x20, 0xff,
    0xf0, 0x74, 0x18, 0xff, 0xf0, 0x74, 0x18, 0xff, 0xf0, 0x70, 0x20, 0xff,
    0xf8, 0x74, 0x18, 0xff, 0xf0, 0x74, 0x18, 0xff, 0xf0, 0x74, 0x20, 0xff,
    0xf0, 0x70, 0x18, 0xff, 0xf0, 0x74, 0x18, 0xff, 0xf0, 0x74, 0x20, 0xff,
    0xf0, 0x70, 0x18, 0xff, 0xf0, 0x74, 0x18, 0xff, 0xf0, 0x74, 0x20, 0xff,
    0xf0, 0x74, 0x18, 0xff, 0xf0, 0x74, 0x18, 0xff, 0xb8, 0x58, 0x18, 0x96,
    0x00, 0x00, 0x00, 0x00, 0x00, 0x00, 0x00, 0x00, 0x00, 0x00, 0x00, 0x00,
    0x00, 0x00, 0x00, 0x00, 0x00, 0x00, 0x00, 0x00, 0x00, 0x00, 0x00, 0x00,
    0x00, 0x00, 0x00, 0x00, 0x00, 0x00, 0x00, 0x00, 0x00, 0x00, 0x00, 0x00,
    0x00, 0x00, 0x00, 0x00, 0x00, 0x00, 0x00, 0x00, 0x00, 0x00, 0x00, 0x00,
    0x00, 0x00, 0x00, 0x00, 0x00, 0x00, 0x00, 0x00, 0x00, 0x00, 0x00, 0x00,
    0x98, 0x48, 0x10, 0x65, 0xf0, 0x74, 0x18, 0xff, 0xf0, 0x74, 0x20, 0xff,
    0xf0, 0x74, 0x18, 0xff, 0xf0, 0x70, 0x18, 0xff, 0xf0, 0x74, 0x20, 0xff,
    0xf0, 0x74, 0x20, 0xff, 0xf8, 0x74, 0x18, 0xff, 0xf0, 0x74, 0x18, 0xff,
    0xf0, 0x70, 0x20, 0xff, 0xf0, 0x74, 0x18, 0xff, 0xf0, 0x74, 0x18, 0xff,
    0xf0, 0x74, 0x20, 0xff, 0xf0, 0x70, 0x18, 0xff, 0xf0, 0x74, 0x18, 0xff,
    0xf0, 0x74, 0x20, 0xff, 0xf0, 0x74, 0x18, 0xff, 0xf0, 0x74, 0x18, 0xff,
    0xf8, 0x74, 0x20, 0xff, 0xf0, 0x74, 0x18, 0xff, 0xf0, 0x70, 0x20, 0xff,
    0xf8, 0x74, 0x18, 0xff, 0xf0, 0x74, 0x18, 0xff, 0xf0, 0x70, 0x20, 0xff,
    0xf0, 0x74, 0x18, 0xff, 0xf0, 0x74, 0x20, 0xff, 0xf8, 0x70, 0x18, 0xff,
    0xf0, 0x74, 0x18, 0xff, 0xf0, 0x74, 0x20, 0xff, 0xf8, 0x7c, 0x28, 0xff,
    0xf8, 0xec, 0xe0, 0xff, 0xf8, 0xfc, 0xf8, 0xff, 0xf8, 0xfc, 0xf8, 0xff,
    0xf8, 0xfc, 0xf8, 0xff, 0xf8, 0xfc, 0xf8, 0xff, 0xf8, 0xfc, 0xf8, 0xff,
    0xf8, 0xf8, 0xf0, 0xff, 0xf8, 0xa0, 0x68, 0xff, 0xf0, 0x74, 0x20, 0xff,
    0xf0, 0x74, 0x18, 0xff, 0xf0, 0x74, 0x20, 0xff, 0xf0, 0x74, 0x18, 0xff,
    0xf8, 0x70, 0x18, 0xff, 0xf0, 0x70, 0x20, 0xff, 0xf0, 0x74, 0x18, 0xff,
    0xf0, 0x74, 0x18, 0xff, 0xf0, 0x70, 0x20, 0xff, 0xf8, 0x74, 0x18, 0xff,
    0xf0, 0x74, 0x18, 0xff, 0xf0, 0x74, 0x20, 0xff, 0xf8, 0x70, 0x18, 0xff,
    0xf0, 0x74, 0x18, 0xff, 0xf0, 0x74, 0x20, 0xff, 0xf0, 0x70, 0x18, 0xff,
    0xf0, 0x74, 0x18, 0xff, 0xf0, 0x74, 0x20, 0xff, 0xf8, 0x74, 0x18, 0xff,
    0xf0, 0x74, 0x20, 0xff, 0xf0, 0x74, 0x18, 0xff, 0xf8, 0x74, 0x18, 0xff,
    0xf0, 0x70, 0x20, 0xff, 0xf0, 0x74, 0x18, 0xff, 0xf0, 0x70, 0x20, 0xff,
    0xf0, 0x74, 0x18, 0xff, 0xf0, 0x74, 0x18, 0xff, 0x98, 0x48, 0x10, 0x65,
    0x00, 0x00, 0x00, 0x00, 0x00, 0x00, 0x00, 0x00, 0x00, 0x00, 0x00, 0x00,
    0x00, 0x00, 0x00, 0x00, 0x00, 0x00, 0x00, 0x00, 0x00, 0x00, 0x00, 0x00,
    0x00, 0x00, 0x00, 0x00, 0x00, 0x00, 0x00, 0x00, 0x00, 0x00, 0x00, 0x00,
    0x00, 0x00, 0x00, 0x00, 0x00, 0x00, 0x00, 0x00, 0x00, 0x00, 0x00, 0x00,
    0x00, 0x00, 0x00, 0x00, 0x50, 0x24, 0x08, 0x28, 0xe8, 0x6c, 0x18, 0xe7,
    0xf0, 0x74, 0x20, 0xff, 0xf0, 0x74, 0x18, 0xff, 0xf0, 0x70, 0x18, 0xff,
    0xf0, 0x74, 0x20, 0xff, 0xf0, 0x74, 0x18, 0xff, 0xf0, 0x74, 0x18, 0xff,
    0xf0, 0x70, 0x20, 0xff, 0xf0, 0x74, 0x18, 0xff, 0xf0, 0x74, 0x18, 0xff,
    0xf8, 0x74, 0x20, 0xff, 0xf0, 0x74, 0x18, 0xff, 0xf0, 0x74, 0x20, 0xff,
    0xf0, 0x74, 0x18, 0xff, 0xf8, 0x70, 0x18, 0xff, 0xf0, 0x74, 0x20, 0xff,
    0xf0, 0x74, 0x18, 0xff, 0xf0, 0x70, 0x20, 0xff, 0xf0, 0x74, 0x18, 0xff,
    0xf0, 0x74, 0x18, 0xff, 0xf0, 0x70, 0x20, 0xff, 0xf0, 0x74, 0x18, 0xff,
    0xf0, 0x74, 0x18, 0xff, 0xf0, 0x70, 0x20, 0xff, 0xf0, 0x74, 0x18, 0xff,
    0xf0, 0x74, 0x18, 0xff, 0xf0, 0x74, 0x20, 0xff, 0xf0, 0x74, 0x18, 0xff,
    0xf0, 0x70, 0x18, 0xff, 0xf8, 0x80, 0x30, 0xff, 0xf8, 0xf0, 0xe8, 0xff,
    0xf8, 0xfc, 0xf8, 0xff, 0xf8, 0xfc, 0xf8, 0xff, 0xf8, 0xfc, 0xf8, 0xff,
    0xf8, 0xfc, 0xf8, 0xff, 0xf8, 0xfc, 0xf8, 0xff, 0xf8, 0xfc, 0xf8, 0xff,
    0xf8, 0xfc, 0xf8, 0xff, 0xf8, 0xb8, 0x88, 0xff, 0xf0, 0x74, 0x20, 0xff,
    0xf0, 0x74, 0x20, 0xff, 0xf0, 0x74, 0x18, 0xff, 0xf0, 0x74, 0x20, 0xff,
    0xf0, 0x74, 0x18, 0xff, 0xf8, 0x74, 0x18, 0xff, 0xf0, 0x70, 0x20, 0xff,
    0xf0, 0x74, 0x18, 0xff, 0xf0, 0x74, 0x18, 0xff, 0xf0, 0x74, 0x20, 0xff,
    0xf0, 0x74, 0x18, 0xff, 0xf0, 0x74, 0x20, 0xff, 0xf0, 0x74, 0x18, 0xff,
    0xf0, 0x74, 0x20, 0xff, 0xf0, 0x74, 0x18, 0xff, 0xf0, 0x70, 0x20, 0xff,
    0xf0, 0x74, 0x18, 0xff, 0xf0, 0x74, 0x18, 0xff, 0xf0, 0x70, 0x20, 0xff,
    0xf0, 0x74, 0x18, 0xff, 0xf0, 0x74, 0x20, 0xff, 0xf0, 0x74, 0x18, 0xff,
    0xf0, 0x74, 0x18, 0xff, 0xf0, 0x74, 0x20, 0xff, 0xf0, 0x70, 0x18, 0xff,
    0xf0, 0x74, 0x18, 0xff, 0xe8, 0x6c, 0x18, 0xe7, 0x50, 0x24, 0x08, 0x28,
    0x00, 0x00, 0x00, 0x00, 0x00, 0x00, 0x00, 0x00, 0x00, 0x00, 0x00, 0x00,
    0x00, 0x00, 0x00, 0x00, 0x00, 0x00, 0x00, 0x00, 0x00, 0x00, 0x00, 0x00,
    0x00, 0x00, 0x00, 0x00, 0x00, 0x00, 0x00, 0x00, 0x00, 0x00, 0x00, 0x00,
    0x00, 0x00, 0x00, 0x00, 0x00, 0x00, 0x00, 0x00, 0x10, 0x08, 0x00, 0x04,
    0xc8, 0x60, 0x18, 0xba, 0xf0, 0x74, 0x18, 0xff, 0xf0, 0x74, 0x20, 0xff,
    0xf0, 0x74, 0x18, 0xff, 0xf0, 0x74, 0x20, 0xff, 0xf0, 0x74, 0x18, 0xff,
    0xf0, 0x74, 0x18, 0xff, 0xf0, 0x70, 0x20, 0xff, 0xf0, 0x74, 0x18, 0xff,
    0xf0, 0x74, 0x20, 0xff, 0xf0, 0x70, 0x18, 0xff, 0xf0, 0x74, 0x18, 0xff,
    0xf0, 0x70, 0x20, 0xff, 0xf0, 0x74, 0x18, 0xff, 0xf0, 0x74, 0x20, 0xff,
    0xf0, 0x74, 0x18, 0xff, 0xf0, 0x70, 0x18, 0xff, 0xf8, 0x74, 0x20, 0xff,
    0xf0, 0x74, 0x18, 0xff, 0xf0, 0x70, 0x18, 0xff, 0xf0, 0x74, 0x20, 0xff,
    0xf0, 0x74, 0x18, 0xff, 0xf0, 0x74, 0x20, 0xff, 0xf8, 0x74, 0x18, 0xff,
    0xf0, 0x74, 0x18, 0xff, 0xf0, 0x70, 0x20, 0xff, 0xf8, 0x74, 0x18, 0xff,
    0xf0, 0x74, 0x20, 0xff, 0xf0, 0x70, 0x20, 0xff, 0xf0, 0x74, 0x18, 0xff,
    0xf0, 0x80, 0x30, 0xff, 0xf8, 0xf0, 0xe8, 0xff, 0xf8, 0xfc, 0xf8, 0xff,
    0xf8, 0xfc, 0xf8, 0xff, 0xf8, 0xfc, 0xf8, 0xff, 0xf8, 0xfc, 0xf8, 0xff,
    0xf8, 0xfc, 0xf8, 0xff, 0xf8, 0xfc, 0xf8, 0xff, 0xf8, 0xfc, 0xf8, 0xff,
    0xf8, 0xfc, 0xf8, 0xff, 0xf8, 0xcc, 0xb0, 0xff, 0xf8, 0x7c, 0x30, 0xff,
    0xf0, 0x74, 0x18, 0xff, 0xf0, 0x74, 0x18, 0xff, 0xf0, 0x74, 0x20, 0xff,
    0xf0, 0x74, 0x18, 0xff, 0xf0, 0x74, 0x20, 0xff, 0xf0, 0x74, 0x18, 0xff,
    0xf0, 0x70, 0x18, 0xff, 0xf0, 0x74, 0x20, 0xff, 0xf0, 0x70, 0x18, 0xff,
    0xf0, 0x74, 0x18, 0xff, 0xf8, 0x70, 0x20, 0xff, 0xf0, 0x74, 0x18, 0xff,
    0xf0, 0x74, 0x18, 0xff, 0xf8, 0x74, 0x20, 0xff, 0xf0, 0x70, 0x18, 0xff,
    0xf0, 0x74, 0x18, 0xff, 0xf0, 0x74, 0x20, 0xff, 0xf0, 0x70, 0x18, 0xff,
    0xf0, 0x74, 0x18, 0xff, 0xf0, 0x70, 0x20, 0xff, 0xf8, 0x74, 0x18, 0xff,
    0xf0, 0x74, 0x18, 0xff, 0xf0, 0x74, 0x20, 0xff, 0xf0, 0x74, 0x20, 0xff,
    0xf0, 0x74, 0x18, 0xff, 0xc8, 0x60, 0x18, 0xba, 0x10, 0x08, 0x00, 0x04,
    0x00, 0x00, 0x00, 0x00, 0x00, 0x00, 0x00, 0x00, 0x00, 0x00, 0x00, 0x00,
    0x00, 0x00, 0x00, 0x00, 0x00, 0x00, 0x00, 0x00, 0x00, 0x00, 0x00, 0x00,
    0x00, 0x00, 0x00, 0x00, 0x00, 0x00, 0x00, 0x00, 0x00, 0x00, 0x00, 0x00,
    0x00, 0x00, 0x00, 0x00, 0x88, 0x40, 0x10, 0x55, 0xf0, 0x74, 0x18, 0xff,
    0xf0, 0x74, 0x18, 0xff, 0xf0, 0x74, 0x18, 0xff, 0xf0, 0x70, 0x20, 0xff,
    0xf0, 0x74, 0x18, 0xff, 0xf8, 0x74, 0x18, 0xff, 0xf0, 0x70, 0x20, 0xff,
    0xf0, 0x74, 0x18, 0xff, 0xf8, 0x74, 0x18, 0xff, 0xf0, 0x74, 0x20, 0xff,
    0xf0, 0x74, 0x18, 0xff, 0xf0, 0x70, 0x18, 0xff, 0xf0, 0x74, 0x20, 0xff,
    0xf8, 0x74, 0x18, 0xff, 0xf0, 0x70, 0x18, 0xff, 0xf0, 0x74, 0x20, 0xff,
    0xf0, 0x74, 0x18, 0xff, 0xf0, 0x74, 0x18, 0xff, 0xf0, 0x74, 0x20, 0xff,
    0xf0, 0x74, 0x18, 0xff, 0xf8, 0x70, 0x18, 0xff, 0xf0, 0x74, 0x20, 0xff,
    0xf0, 0x74, 0x18, 0xff, 0xf0, 0x70, 0x18, 0xff, 0xf0, 0x74, 0x20, 0xff,
    0xf0, 0x74, 0x18, 0xff, 0xf0, 0x74, 0x18, 0xff, 0xf0, 0x70, 0x18, 0xff,
    0xf0, 0x74, 0x20, 0xff, 0xf0, 0x74, 0x18, 0xff, 0xf0, 0x80, 0x30, 0xff,
    0xf8, 0xf0, 0xe8, 0xff, 0xf8, 0xfc, 0xf8, 0xff, 0xf8, 0xfc, 0xf8, 0xff,
    0xf8, 0xfc, 0xf8, 0xff, 0xf8, 0xfc, 0xf8, 0xff, 0xf8, 0xfc, 0xf8, 0xff,
    0xf8, 0xfc, 0xf8, 0xff, 0xf8, 0xfc, 0xf8, 0xff, 0xf8, 0xfc, 0xf8, 0xff,
    0xf8, 0xfc, 0xf8, 0xff, 0xf8, 0xe0, 0xd0, 0xff, 0xf8, 0x88, 0x40, 0xff,
    0xf0, 0x74, 0x18, 0xff, 0xf0, 0x70, 0x20, 0xff, 0xf0, 0x70, 0x18, 0xff,
    0xf0, 0x74, 0x18, 0xff, 0xf8, 0x74, 0x20, 0xff, 0xf0, 0x74, 0x18, 0xff,
    0xf0, 0x74, 0x18, 0xff, 0xf8, 0x74, 0x20, 0xff, 0xf0, 0x70, 0x18, 0xff,
    0xf0, 0x74, 0x18, 0xff, 0xf0, 0x74, 0x20, 0xff, 0xf0, 0x70, 0x18, 0xff,
    0xf0, 0x74, 0x18, 0xff, 0xf0, 0x74, 0x20, 0xff, 0xf0, 0x74, 0x18, 0xff,
    0xf8, 0x74, 0x18, 0xff, 0xf0, 0x74, 0x20, 0xff, 0xf0, 0x74, 0x18, 0xff,
    0xf0, 0x70, 0x20, 0xff, 0xf0, 0x74, 0x18, 0xff, 0xf0, 0x74, 0x18, 0xff,
    0xf0, 0x70, 0x20, 0xff, 0xf0, 0x74, 0x18, 0xff, 0xf0, 0x74, 0x18, 0xff,
    0xf0, 0x74, 0x20, 0xff, 0x88, 0x40, 0x10, 0x55, 0x00, 0x00, 0x00, 0x00,
    0x00, 0x00, 0x00, 0x00, 0x00, 0x00, 0x00, 0x00, 0x00, 0x00, 0x00, 0x00,
    0x00, 0x00, 0x00, 0x00, 0x00, 0x00, 0x00, 0x00, 0x00, 0x00, 0x00, 0x00,
    0x00, 0x00, 0x00, 0x00, 0x00, 0x00, 0x00, 0x00, 0x30, 0x18, 0x08, 0x14,
    0xe0, 0x68, 0x18, 0xd7, 0xf0, 0x74, 0x20, 0xff, 0xf0, 0x74, 0x18, 0xff,
    0xf0, 0x70, 0x20, 0xff, 0xf0, 0x74, 0x18, 0xff, 0xf0, 0x74, 0x18, 0xff,
    0xf0, 0x70, 0x20, 0xff, 0xf0, 0x74, 0x18, 0xff, 0xf0, 0x74, 0x18, 0xff,
    0xf0, 0x70, 0x20, 0xff, 0xf0, 0x74, 0x18, 0xff, 0xf8, 0x74, 0x20, 0xff,
    0xf0, 0x74, 0x18, 0xff, 0xf0, 0x74, 0x18, 0xff, 0xf0, 0x74, 0x20, 0xff,
    0xf0, 0x70, 0x18, 0xff, 0xf0, 0x74, 0x20, 0xff, 0xf0, 0x74, 0x18, 0xff,
    0xf0, 0x70, 0x18, 0xff, 0xf0, 0x74, 0x20, 0xff, 0xf0, 0x74, 0x18, 0xff,
    0xf0, 0x74, 0x18, 0xff, 0xf0, 0x70, 0x20, 0xff, 0xf0, 0x74, 0x18, 0xff,
    0xf0, 0x74, 0x20, 0xff, 0xf0, 0x70, 0x18, 0xff, 0xf0, 0x74, 0x20, 0xff,
    0xf0, 0x74, 0x18, 0xff, 0xf0, 0x74, 0x18, 0xff, 0xf8, 0x74, 0x20, 0xff,
    0xf0, 0x74, 0x20, 0xff, 0xf8, 0x80, 0x30, 0xff, 0xf8, 0xf0, 0xe8, 0xff,
    0xf8, 0xfc, 0xf8, 0xff, 0xf8, 0xfc, 0xf8, 0xff, 0xf8, 0xfc, 0xf8, 0xff,
    0xf8, 0xfc, 0xf8, 0xff, 0xf8, 0xfc, 0xf8, 0xff, 0xf8, 0xfc, 0xf8, 0xff,
    0xf8, 0xfc, 0xf8, 0xff, 0xf8, 0xfc, 0xf8, 0xff, 0xf8, 0xfc, 0xf8, 0xff,
    0xf8, 0xfc, 0xf8, 0xff, 0xf8, 0xf4, 0xe8, 0xff, 0xf8, 0xa0, 0x60, 0xff,
    0xf0, 0x74, 0x20, 0xff, 0xf0, 0x74, 0x18, 0xff, 0xf0, 0x74, 0x20, 0xff,
    0xf0, 0x70, 0x20, 0xff, 0xf0, 0x74, 0x18, 0xff, 0xf0, 0x74, 0x18, 0xff,
    0xf0, 0x74, 0x20, 0xff, 0xf0, 0x74, 0x18, 0xff, 0xf0, 0x74, 0x18, 0xff,
    0xf0, 0x74, 0x20, 0xff, 0xf0, 0x70, 0x18, 0xff, 0xf0, 0x74, 0x20, 0xff,
    0xf0, 0x74, 0x18, 0xff, 0xf0, 0x70, 0x20, 0xff, 0xf0, 0x70, 0x18, 0xff,
    0xf0, 0x74, 0x18, 0xff, 0xf0, 0x74, 0x20, 0xff, 0xf8, 0x74, 0x18, 0xff,
    0xf0, 0x74, 0x20, 0xff, 0xf0, 0x70, 0x18, 0xff, 0xf0, 0x74, 0x18, 0xff,
    0xf8, 0x74, 0x20, 0xff, 0xf0, 0x74, 0x18, 0xff, 0xf0, 0x74, 0x18, 0xff,
    0xe0, 0x68, 0x18, 0xd7, 0x30, 0x18, 0x08, 0x14, 0x00, 0x00, 0x00, 0x00,
    0x00, 0x00, 0x00, 0x00, 0x00, 0x00, 0x00, 0x00, 0x00, 0x00, 0x00, 0x00,
    0x00, 0x00, 0x00, 0x00, 0x00, 0x00, 0x00, 0x00, 0x00, 0x00, 0x00, 0x00,
    0x00, 0x00, 0x00, 0x00, 0xb8, 0x58, 0x18, 0x75, 0xf0, 0x74, 0x18, 0xff,
    0xf0, 0x74, 0x18, 0xff, 0xf0, 0x74, 0x20, 0xff, 0xf0, 0x74, 0x18, 0xff,
    0xf0, 0x74, 0x18, 0xff, 0xf0, 0x74, 0x20, 0xff, 0xf0, 0x74, 0x20, 0xff,
    0xf0, 0x74, 0x18, 0xff, 0xf0, 0x74, 0x20, 0xff, 0xf0, 0x70, 0x18, 0xff,
    0xf0, 0x74, 0x18, 0xff, 0xf0, 0x74, 0x20, 0xff, 0xf0, 0x70, 0x18, 0xff,
    0xf0, 0x74, 0x18, 0xff, 0xf0, 0x74, 0x20, 0xff, 0xf0, 0x74, 0x18, 0xff,
    0xf8, 0x74, 0x18, 0xff, 0xf0, 0x70, 0x20, 0xff, 0xf0, 0x74, 0x20, 0xff,
    0xf8, 0x74, 0x18, 0xff, 0xf0, 0x70, 0x20, 0xff, 0xf0, 0x74, 0x18, 0xff,
    0xf0, 0x74, 0x18, 0xff, 0xf8, 0x74, 0x20, 0xff, 0xf0, 0x74, 0x18, 0xff,
    0xf0, 0x74, 0x18, 0xff, 0xf8, 0x70, 0x20, 0xff, 0xf0, 0x74, 0x18, 0xff,
    0xf0, 0x74, 0x18, 0xff, 0xf0, 0x70, 0x18, 0xff, 0xf0, 0x74, 0x20, 0xff,
    0xf0, 0x80, 0x30, 0xff, 0xf8, 0xf0, 0xe8, 0xff, 0xf8, 0xfc, 0xf8, 0xff,
    0xf8, 0xfc, 0xf8, 0xff, 0xf8, 0xfc, 0xf8, 0xff, 0xf8, 0xfc, 0xf8, 0xff,
    0xf8, 0xfc, 0xf8, 0xff, 0xf8, 0xfc, 0xf8, 0xff, 0xf8, 0xfc, 0xf8, 0xff,
    0xf8, 0xfc, 0xf8, 0xff, 0xf8, 0xfc, 0xf8, 0xff, 0xf8, 0xfc, 0xf8, 0xff,
    0xf8, 0xfc, 0xf8, 0xff, 0xf8, 0xf8, 0xf8, 0xff, 0xf8, 0xb4, 0x88, 0xff,
    0xf0, 0x74, 0x20, 0xff, 0xf0, 0x74, 0x18, 0xff, 0xf0, 0x70, 0x18, 0xff,
    0xf0, 0x74, 0x20, 0xff, 0xf0, 0x70, 0x18, 0xff, 0xf0, 0x70, 0x20, 0xff,
    0xf0, 0x74, 0x18, 0xff, 0xf8, 0x74, 0x20, 0xff, 0xf0, 0x70, 0x18, 0xff,
    0xf0, 0x74, 0x18, 0xff, 0xf8, 0x74, 0x20, 0xff, 0xf0, 0x74, 0x18, 0xff,
    0xf0, 0x74, 0x18, 0xff, 0xf0, 0x74, 0x20, 0xff, 0xf0, 0x70, 0x18, 0xff,
    0xf0, 0x74, 0x18, 0xff, 0xf0, 0x74, 0x20, 0xff, 0xf0, 0x70, 0x18, 0xff,
    0xf0, 0x74, 0x18, 0xff, 0xf0, 0x74, 0x20, 0xff, 0xf0, 0x70, 0x18, 0xff,
    0xf0, 0x74, 0x20, 0xff, 0xf0, 0x74, 0x18, 0xff, 0xf0, 0x74, 0x18, 0xff,
    0xb8, 0x58, 0x18, 0x75, 0x00, 0x00, 0x00, 0x00, 0x00, 0x00, 0x00, 0x00,
    0x00, 0x00, 0x00, 0x00, 0x00, 0x00, 0x00, 0x00, 0x00, 0x00, 0x00, 0x00,
    0x00, 0x00, 0x00, 0x00, 0x00, 0x00, 0x00, 0x00, 0x38, 0x1c, 0x08, 0x0c,
    0xf0, 0x74, 0x18, 0xef, 0xf0, 0x70, 0x18, 0xff, 0xf0, 0x74, 0x20, 0xff,
    0xf0, 0x70, 0x18, 0xff, 0xf0, 0x74, 0x18, 0xff, 0xf8, 0x70, 0x20, 0xff,
    0xf0, 0x70, 0x18, 0xff, 0xf0, 0x74, 0x18, 0xff, 0xf8, 0x74, 0x18, 0xff,
    0xf0, 0x70, 0x20, 0xff, 0xf0, 0x74, 0x18, 0xff, 0xf8, 0x74, 0x18, 0xff,
    0xf0, 0x74, 0x20, 0xff, 0xf0, 0x70, 0x18, 0xff, 0xf8, 0x74, 0x20, 0xff,
    0xf0, 0x74, 0x18, 0xff, 0xf0, 0x70, 0x18, 0xff, 0xf0, 0x74, 0x20, 0xff,
    0xf0, 0x74, 0x18, 0xff, 0xf0, 0x74, 0x18, 0xff, 0xf0, 0x74, 0x18, 0xff,
    0xf0, 0x70, 0x20, 0xff, 0xf0, 0x74, 0x18, 0xff, 0xf0, 0x74, 0x18, 0xff,
    0xf0, 0x70, 0x20, 0xff, 0xf0, 0x74, 0x18, 0xff, 0xf0, 0x74, 0x18, 0xff,
    0xf0, 0x74, 0x20, 0xff, 0xf0, 0x70, 0x20, 0xff, 0xf0, 0x74, 0x18, 0xff,
    0xf0, 0x74, 0x18, 0xff, 0xf0, 0x74, 0x18, 0xff, 0xf0, 0x80, 0x30, 0xff,
    0xf8, 0xf0, 0xe8, 0xff, 0xf8, 0xfc, 0xf8, 0xff, 0xf8, 0xfc, 0xf8, 0xff,
    0xf8, 0xfc, 0xf8, 0xff, 0xf8, 0xfc, 0xf8, 0xff, 0xf8, 0xfc, 0xf8, 0xff,
    0xf8, 0xfc, 0xf8, 0xff, 0xf8, 0xfc, 0xf8, 0xff, 0xf8, 0xfc, 0xf8, 0xff,
    0xf8, 0xfc, 0xf8, 0xff, 0xf8, 0xfc, 0xf8, 0xff, 0xf8, 0xfc, 0xf8, 0xff,
    0xf8, 0xfc, 0xf8, 0xff, 0xf8, 0xfc, 0xf8, 0xff, 0xf8, 0xd0, 0xb0, 0xff,
    0xf8, 0x80, 0x30, 0xff, 0xf0, 0x74, 0x18, 0xff, 0xf0, 0x74, 0x18, 0xff,
    0xf8, 0x74, 0x20, 0xff, 0xf0, 0x74, 0x18, 0xff, 0xf0, 0x74, 0x18, 0xff,
    0xf0, 0x70, 0x20, 0xff, 0xf0, 0x74, 0x18, 0xff, 0xf0, 0x74, 0x18, 0xff,
    0xf0, 0x74, 0x20, 0xff, 0xf0, 0x70, 0x18, 0xff, 0xf8, 0x74, 0x18, 0xff,
    0xf0, 0x74, 0x20, 0xff, 0xf0, 0x74, 0x18, 0xff, 0xf8, 0x74, 0x18, 0xff,
    0xf0, 0x70, 0x20, 0xff, 0xf0, 0x74, 0x18, 0xff, 0xf0, 0x74, 0x20, 0xff,
    0xf0, 0x74, 0x18, 0xff, 0xf0, 0x70, 0x18, 0xff, 0xf0, 0x74, 0x20, 0xff,
    0xf0, 0x74, 0x20, 0xff, 0xf0, 0x70, 0x18, 0xff, 0xf0, 0x74, 0x18, 0xeb,
    0x38, 0x1c, 0x08, 0x10, 0x00, 0x00, 0x00, 0x00, 0x00, 0x00, 0x00, 0x00,
    0x00, 0x00, 0x00, 0x00, 0x00, 0x00, 0x00, 0x00, 0x00, 0x00, 0x00, 0x00,
    0x00, 0x00, 0x00, 0x00, 0xb0, 0x50, 0x18, 0x6d, 0xf0, 0x74, 0x18, 0xff,
    0xf0, 0x74, 0x18, 0xff, 0xf0, 0x70, 0x20, 0xff, 0xf0, 0x74, 0x18, 0xff,
    0xf0, 0x74, 0x20, 0xff, 0xf0, 0x74, 0x18, 0xff, 0xf0, 0x74, 0x18, 0xff,
    0xf0, 0x74, 0x20, 0xff, 0xf0, 0x70, 0x18, 0xff, 0xf0, 0x74, 0x18, 0xff,
    0xf0, 0x74, 0x20, 0xff, 0xf0, 0x74, 0x18, 0xff, 0xf0, 0x70, 0x18, 0xff,
    0xf0, 0x74, 0x20, 0xff, 0xf0, 0x74, 0x18, 0xff, 0xf0, 0x70, 0x18, 0xff,
    0xf0, 0x74, 0x20, 0xff, 0xf0, 0x74, 0x18, 0xff, 0xf0, 0x70, 0x18, 0xff,
    0xf0, 0x74, 0x20, 0xff, 0xf0, 0x74, 0x18, 0xff, 0xf8, 0x74, 0x18, 0xff,
    0xf0, 0x74, 0x20, 0xff, 0xf0, 0x70, 0x18, 0xff, 0xf0, 0x74, 0x20, 0xff,
    0xf8, 0x74, 0x18, 0xff, 0xf0, 0x70, 0x18, 0xff, 0xf0, 0x74, 0x20, 0xff,
    0xf0, 0x74, 0x18, 0xff, 0xf8, 0x74, 0x20, 0xff, 0xf0, 0x74, 0x20, 0xff,
    0xf0, 0x74, 0x18, 0xff, 0xf8, 0x80, 0x30, 0xff, 0xf8, 0xf0, 0xe8, 0xff,
    0xf8, 0xfc, 0xf8, 0xff, 0xf8, 0xfc, 0xf8, 0xff, 0xf8, 0xfc, 0xf8, 0xff,
    0xf8, 0xfc, 0xf8, 0xff, 0xf8, 0xf0, 0xe8, 0xff, 0xf8, 0xbc, 0x90, 0xff,
    0xf8, 0xfc, 0xf8, 0xff, 0xf8, 0xfc, 0xf8, 0xff, 0xf8, 0xfc, 0xf8, 0xff,
    0xf8, 0xfc, 0xf8, 0xff, 0xf8, 0xfc, 0xf8, 0xff, 0xf8, 0xfc, 0xf8, 0xff,
    0xf8, 0xfc, 0xf8, 0xff, 0xf8, 0xfc, 0xf8, 0xff, 0xf8, 0xe0, 0xd0, 0xff,
    0xf8, 0x88, 0x40, 0xff, 0xf0, 0x74, 0x18, 0xff, 0xf0, 0x74, 0x18, 0xff,
    0xf0, 0x74, 0x20, 0xff, 0xf0, 0x74, 0x18, 0xff, 0xf0, 0x74, 0x18, 0xff,
    0xf0, 0x74, 0x20, 0xff, 0xf0, 0x74, 0x18, 0xff, 0xf0, 0x70, 0x20, 0xff,
    0xf0, 0x74, 0x18, 0xff, 0xf0, 0x74, 0x20, 0xff, 0xf0, 0x70, 0x18, 0xff,
    0xf0, 0x74, 0x20, 0xff, 0xf0, 0x74, 0x18, 0xff, 0xf0, 0x74, 0x18, 0xff,
    0xf8, 0x74, 0x20, 0xff, 0xf0, 0x74, 0x18, 0xff, 0xf0, 0x74, 0x18, 0xff,
    0xf8, 0x74, 0x20, 0xff, 0xf0, 0x74, 0x18, 0xff, 0xf0, 0x70, 0x18, 0xff,
    0xf0, 0x74, 0x20, 0xff, 0xf0, 0x74, 0x18, 0xff, 0xb0, 0x50, 0x18, 0x6d,
    0x00, 0x00, 0x00, 0x00, 0x00, 0x00, 0x00, 0x00, 0x00, 0x00, 0x00, 0x00,
    0x00, 0x00, 0x00, 0x00, 0x00, 0x00, 0x00, 0x00, 0x20, 0x0c, 0x00, 0x0c,
    0xe0, 0x68, 0x18, 0xd3, 0xf0, 0x74, 0x18, 0xff, 0xf0, 0x74, 0x20, 0xff,
    0xf0, 0x74, 0x18, 0xff, 0xf0, 0x74, 0x18, 0xff, 0xf8, 0x74, 0x20, 0xff,
    0xf0, 0x74, 0x18, 0xff, 0xf0, 0x74, 0x20, 0xff, 0xf0, 0x74, 0x20, 0xff,
    0xf0, 0x74, 0x18, 0xff, 0xf0, 0x74, 0x18, 0xff, 0xf0, 0x74, 0x20, 0xff,
    0xf0, 0x70, 0x18, 0xff, 0xf0, 0x74, 0x20, 0xff, 0xf0, 0x74, 0x18, 0xff,
    0xf0, 0x74, 0x18, 0xff, 0xf0, 0x74, 0x20, 0xff, 0xf8, 0x74, 0x20, 0xff,
    0xf0, 0x74, 0x18, 0xff, 0xf0, 0x70, 0x20, 0xff, 0xf8, 0x74, 0x20, 0xff,
    0xf0, 0x74, 0x18, 0xff, 0xf0, 0x70, 0x18, 0xff, 0xf0, 0x74, 0x20, 0xff,
    0xf0, 0x74, 0x18, 0xff, 0xf0, 0x74, 0x18, 0xff, 0xf0, 0x74, 0x20, 0xff,
    0xf0, 0x70, 0x18, 0xff, 0xf0, 0x74, 0x18, 0xff, 0xf0, 0x74, 0x18, 0xff,
    0xf0, 0x70, 0x18, 0xff, 0xf0, 0x74, 0x20, 0xff, 0xf0, 0x74, 0x20, 0xff,
    0xf8, 0x80, 0x30, 0xff, 0xf8, 0xf0, 0xe8, 0xff, 0xf8, 0xfc, 0xf8, 0xff,
    0xf8, 0xfc, 0xf8, 0xff, 0xf8, 0xfc, 0xf8, 0xff, 0xf8, 0xfc, 0xf8, 0xff,
    0xf8, 0xf0, 0xe0, 0xff, 0xf0, 0x7c, 0x30, 0xff, 0xf8, 0x9c, 0x60, 0xff,
    0xf8, 0xf0, 0xe8, 0xff, 0xf8, 0xfc, 0xf8, 0xff, 0xf8, 0xfc, 0xf8, 0xff,
    0xf8, 0xfc, 0xf8, 0xff, 0xf8, 0xfc, 0xf8, 0xff, 0xf8, 0xfc, 0xf8, 0xff,
    0xf8, 0xfc, 0xf8, 0xff, 0xf8, 0xfc, 0xf8, 0xff, 0xf8, 0xf4, 0xf0, 0xff,
    0xf8, 0x9c, 0x60, 0xff, 0xf0, 0x74, 0x20, 0xff, 0xf0, 0x70, 0x18, 0xff,
    0xf0, 0x70, 0x20, 0xff, 0xf8, 0x74, 0x18, 0xff, 0xf0, 0x74, 0x18, 0xff,
    0xf0, 0x70, 0x20, 0xff, 0xf8, 0x74, 0x18, 0xff, 0xf0, 0x74, 0x18, 0xff,
    0xf0, 0x74, 0x20, 0xff, 0xf0, 0x70, 0x18, 0xff, 0xf0, 0x74, 0x18, 0xff,
    0xf0, 0x74, 0x20, 0xff, 0xf0, 0x70, 0x18, 0xff, 0xf0, 0x70, 0x18, 0xff,
    0xf0, 0x74, 0x20, 0xff, 0xf0, 0x70, 0x18, 0xff, 0xf0, 0x74, 0x18, 0xff,
    0xf0, 0x74, 0x20, 0xff, 0xf0, 0x74, 0x18, 0xff, 0xf8, 0x74, 0x18, 0xff,
    0xf0, 0x74, 0x20, 0xff, 0xe0, 0x68, 0x18, 0xd3, 0x20, 0x10, 0x00, 0x0c,
    0x00, 0x00, 0x00, 0x00, 0x00, 0x00, 0x00, 0x00, 0x00, 0x00, 0x00, 0x00,
    0x00, 0x00, 0x00, 0x00, 0x80, 0x3c, 0x10, 0x49, 0xf0, 0x74, 0x18, 0xfb,
    0xf0, 0x74, 0x18, 0xff, 0xf0, 0x74, 0x20, 0xff, 0xf0, 0x70, 0x18, 0xff,
    0xf0, 0x74, 0x18, 0xff, 0xf0, 0x70, 0x20, 0xff, 0xf0, 0x70, 0x18, 0xff,
    0xf0, 0x74, 0x18, 0xff, 0xf8, 0x70, 0x18, 0xff, 0xf0, 0x74, 0x20, 0xff,
    0xf0, 0x74, 0x18, 0xff, 0xf8, 0x70, 0x18, 0xff, 0xf0, 0x74, 0x20, 0xff,
    0xf0, 0x74, 0x18, 0xff, 0xf8, 0x74, 0x20, 0xff, 0xf0, 0x70, 0x18, 0xff,
    0xf0, 0x74, 0x18, 0xff, 0xf0, 0x74, 0x18, 0xff, 0xf0, 0x70, 0x18, 0xff,
    0xf0, 0x74, 0x18, 0xff, 0xf0, 0x74, 0x18, 0xff, 0xf8, 0x98, 0x58, 0xff,
    0xf8, 0xb0, 0x88, 0xff, 0xf8, 0xa0, 0x68, 0xff, 0xf0, 0x74, 0x20, 0xff,
    0xf0, 0x74, 0x18, 0xff, 0xf0, 0x74, 0x20, 0xff, 0xf8, 0x74, 0x20, 0xff,
    0xf0, 0x74, 0x18, 0xff, 0xf0, 0x70, 0x20, 0xff, 0xf0, 0x74, 0x18, 0xff,
    0xf0, 0x74, 0x18, 0xff, 0xf0, 0x74, 0x18, 0xff, 0xf0, 0x80, 0x30, 0xff,
    0xf8, 0xf0, 0xe8, 0xff, 0xf8, 0xfc, 0xf8, 0xff, 0xf8, 0xfc, 0xf8, 0xff,
    0xf8, 0xfc, 0xf8, 0xff, 0xf8, 0xfc, 0xf8, 0xff, 0xf8, 0xec, 0xe0, 0xff,
    0xf0, 0x80, 0x30, 0xff, 0xf0, 0x74, 0x18, 0xff, 0xf8, 0x8c, 0x40, 0xff,
    0xf8, 0xe4, 0xd8, 0xff, 0xf8, 0xfc, 0xf8, 0xff, 0xf8, 0xfc, 0xf8, 0xff,
    0xf8, 0xfc, 0xf8, 0xff, 0xf8, 0xfc, 0xf8, 0xff, 0xf8, 0xfc, 0xf8, 0xff,
    0xf8, 0xfc, 0xf8, 0xff, 0xf8, 0xfc, 0xf8, 0xff, 0xf8, 0xf8, 0xf8, 0xff,
    0xf8, 0xb4, 0x88, 0xff, 0xf0, 0x74, 0x18, 0xff, 0xf0, 0x74, 0x18, 0xff,
    0xf0, 0x74, 0x20, 0xff, 0xf0, 0x70, 0x18, 0xff, 0xf0, 0x74, 0x18, 0xff,
    0xf0, 0x74, 0x20, 0xff, 0xf0, 0x74, 0x18, 0xff, 0xf0, 0x70, 0x18, 0xff,
    0xf8, 0x74, 0x20, 0xff, 0xf0, 0x74, 0x18, 0xff, 0xf0, 0x74, 0x20, 0xff,
    0xf0, 0x74, 0x18, 0xff, 0xf0, 0x74, 0x20, 0xff, 0xf0, 0x74, 0x18, 0xff,
    0xf0, 0x70, 0x20, 0xff, 0xf0, 0x74, 0x18, 0xff, 0xf0, 0x74, 0x18, 0xff,
    0xf0, 0x70, 0x20, 0xff, 0xf0, 0x74, 0x18, 0xff, 0xf0, 0x74, 0x18, 0xff,
    0xf0, 0x74, 0x18, 0xfb, 0x80, 0x3c, 0x10, 0x49, 0x00, 0x00, 0x00, 0x00,
    0x00, 0x00, 0x00, 0x00, 0x00, 0x00, 0x00, 0x00, 0x00, 0x00, 0x00, 0x00,
    0xc8, 0x60, 0x18, 0xaa, 0xf0, 0x74, 0x18, 0xff, 0xf0, 0x74, 0x20, 0xff,
    0xf0, 0x70, 0x18, 0xff, 0xf0, 0x74, 0x20, 0xff, 0xf0, 0x74, 0x18, 0xff,
    0xf0, 0x74, 0x18, 0xff, 0xf0, 0x74, 0x20, 0xff, 0xf0, 0x74, 0x18, 0xff,
    0xf0, 0x70, 0x18, 0xff, 0xf0, 0x74, 0x20, 0xff, 0xf0, 0x74, 0x18, 0xff,
    0xf0, 0x70, 0x18, 0xff, 0xf0, 0x74, 0x20, 0xff, 0xf0, 0x74, 0x18, 0xff,
    0xf0, 0x70, 0x18, 0xff, 0xf0, 0x74, 0x20, 0xff, 0xf0, 0x74, 0x18, 0xff,
    0xf0, 0x70, 0x20, 0xff, 0xf0, 0x74, 0x20, 0xff, 0xf0, 0x74, 0x20, 0xff,
    0xf8, 0xc4, 0xa0, 0xff, 0xf8, 0xfc, 0xf8, 0xff, 0xf8, 0xfc, 0xf8, 0xff,
    0xf8, 0xfc, 0xf8, 0xff, 0xf8, 0xe4, 0xd0, 0xff, 0xf8, 0x84, 0x38, 0xff,
    0xf0, 0x70, 0x18, 0xff, 0xf0, 0x74, 0x18, 0xff, 0xf0, 0x74, 0x20, 0xff,
    0xf0, 0x74, 0x18, 0xff, 0xf8, 0x70, 0x20, 0xff, 0xf0, 0x74, 0x18, 0xff,
    0xf0, 0x74, 0x20, 0xff, 0xf0, 0x80, 0x30, 0xff, 0xf8, 0xf0, 0xe8, 0xff,
    0xf8, 0xfc, 0xf8, 0xff, 0xf8, 0xfc, 0xf8, 0xff, 0xf8, 0xfc, 0xf8, 0xff,
    0xf8, 0xfc, 0xf8, 0xff, 0xf8, 0xf0, 0xe8, 0xff, 0xf0, 0x7c, 0x28, 0xff,
    0xf0, 0x74, 0x18, 0xff, 0xf0, 0x74, 0x18, 0xff, 0xf0, 0x7c, 0x28, 0xff,
    0xf8, 0xcc, 0xb0, 0xff, 0xf8, 0xfc, 0xf8, 0xff, 0xf8, 0xfc, 0xf8, 0xff,
    0xf8, 0xfc, 0xf8, 0xff, 0xf8, 0xfc, 0xf8, 0xff, 0xf8, 0xfc, 0xf8, 0xff,
    0xf8, 0xfc, 0xf8, 0xff, 0xf8, 0xfc, 0xf8, 0xff, 0xf8, 0xfc, 0xf8, 0xff,
    0xf8, 0xb8, 0x90, 0xff, 0xf0, 0x74, 0x20, 0xff, 0xf0, 0x74, 0x18, 0xff,
    0xf0, 0x74, 0x20, 0xff, 0xf0, 0x74, 0x18, 0xff, 0xf0, 0x70, 0x20, 0xff,
    0xf0, 0x74, 0x18, 0xff, 0xf0, 0x74, 0x18, 0xff, 0xf0, 0x74, 0x20, 0xff,
    0xf0, 0x70, 0x18, 0xff, 0xf8, 0x74, 0x18, 0xff, 0xf0, 0x74, 0x20, 0xff,
    0xf0, 0x74, 0x18, 0xff, 0xf8, 0x74, 0x18, 0xff, 0xf0, 0x74, 0x20, 0xff,
    0xf0, 0x74, 0x18, 0xff, 0xf8, 0x70, 0x18, 0xff, 0xf0, 0x74, 0x20, 0xff,
    0xf0, 0x74, 0x20, 0xff, 0xf0, 0x70, 0x18, 0xff, 0xf0, 0x74, 0x18, 0xff,
    0xc8, 0x60, 0x18, 0xaa, 0x00, 0x00, 0x00, 0x00, 0x00, 0x00, 0x00, 0x00,
    0x00, 0x00, 0x00, 0x00, 0x28, 0x14, 0x00, 0x08, 0xf0, 0x74, 0x18, 0xf3,
    0xf0, 0x74, 0x20, 0xff, 0xf0, 0x74, 0x18, 0xff, 0xf0, 0x74, 0x18, 0xff,
    0xf8, 0x74, 0x20, 0xff, 0xf0, 0x74, 0x18, 0xff, 0xf0, 0x70, 0x18, 0xff,
    0xf8, 0x74, 0x20, 0xff, 0xf0, 0x74, 0x20, 0xff, 0xf0, 0x74, 0x18, 0xff,
    0xf0, 0x74, 0x20, 0xff, 0xf8, 0x74, 0x18, 0xff, 0xf0, 0x74, 0x20, 0xff,
    0xf0, 0x74, 0x18, 0xff, 0xf0, 0x74, 0x18, 0xff, 0xf0, 0x74, 0x20, 0xff,
    0xf8, 0x74, 0x18, 0xff, 0xf0, 0x74, 0x18, 0xff, 0xf0, 0x74, 0x20, 0xff,
    0xf8, 0x74, 0x18, 0xff, 0xf8, 0x8c, 0x48, 0xff, 0xf8, 0xfc, 0xf8, 0xff,
    0xf8, 0xfc, 0xf8, 0xff, 0xf8, 0xfc, 0xf8, 0xff, 0xf8, 0xfc, 0xf8, 0xff,
    0xf8, 0xfc, 0xf8, 0xff, 0xf8, 0xec, 0xe0, 0xff, 0xf8, 0x94, 0x50, 0xff,
    0xf0, 0x74, 0x18, 0xff, 0xf0, 0x74, 0x18, 0xff, 0xf0, 0x74, 0x20, 0xff,
    0xf0, 0x74, 0x18, 0xff, 0xf0, 0x70, 0x20, 0xff, 0xf0, 0x74, 0x18, 0xff,
    0xf8, 0x80, 0x30, 0xff, 0xf8, 0xf0, 0xe8, 0xff, 0xf8, 0xfc, 0xf8, 0xff,
    0xf8, 0xfc, 0xf8, 0xff, 0xf8, 0xfc, 0xf8, 0xff, 0xf8, 0xfc, 0xf8, 0xff,
    0xf8, 0xf0, 0xe0, 0xff, 0xf0, 0x7c, 0x30, 0xff, 0xf0, 0x74, 0x20, 0xff,
    0xf0, 0x74, 0x18, 0xff, 0xf0, 0x74, 0x18, 0xff, 0xf0, 0x78, 0x20, 0xff,
    0xf8, 0xbc, 0x98, 0xff, 0xf8, 0xfc, 0xf8, 0xff, 0xf8, 0xfc, 0xf8, 0xff,
    0xf8, 0xfc, 0xf8, 0xff, 0xf8, 0xfc, 0xf8, 0xff, 0xf8, 0xfc, 0xf8, 0xff,
    0xf8, 0xfc, 0xf8, 0xff, 0xf8, 0xfc, 0xf8, 0xff, 0xf8, 0xf8, 0xf0, 0xff,
    0xf8, 0x88, 0x40, 0xff, 0xf0, 0x74, 0x18, 0xff, 0xf0, 0x74, 0x18, 0xff,
    0xf8, 0x70, 0x20, 0xff, 0xf0, 0x74, 0x18, 0xff, 0xf0, 0x74, 0x18, 0xff,
    0xf8, 0x74, 0x20, 0xff, 0xf0, 0x70, 0x18, 0xff, 0xf0, 0x74, 0x18, 0xff,
    0xf0, 0x74, 0x20, 0xff, 0xf0, 0x70, 0x18, 0xff, 0xf0, 0x70, 0x18, 0xff,
    0xf0, 0x74, 0x20, 0xff, 0xf0, 0x74, 0x18, 0xff, 0xf0, 0x70, 0x20, 0xff,
    0xf0, 0x74, 0x18, 0xff, 0xf0, 0x74, 0x18, 0xff, 0xf0, 0x74, 0x20, 0xff,
    0xf0, 0x70, 0x18, 0xff, 0xf0, 0x74, 0x20, 0xff, 0xf0, 0x74, 0x18, 0xf3,
    0x28, 0x14, 0x08, 0x0c, 0x00, 0x00, 0x00, 0x00, 0x00, 0x00, 0x00, 0x00,
    0x70, 0x38, 0x10, 0x51, 0xf0, 0x70, 0x18, 0xff, 0xf0, 0x74, 0x18, 0xff,
    0xf0, 0x70, 0x20, 0xff, 0xf0, 0x74, 0x18, 0xff, 0xf0, 0x74, 0x18, 0xff,
    0xf0, 0x70, 0x20, 0xff, 0xf0, 0x74, 0x18, 0xff, 0xf0, 0x74, 0x18, 0xff,
    0xf0, 0x70, 0x18, 0xff, 0xf0, 0x74, 0x18, 0xff, 0xf0, 0x70, 0x18, 0xff,
    0xf0, 0x74, 0x20, 0xff, 0xf0, 0x70, 0x18, 0xff, 0xf0, 0x74, 0x18, 0xff,
    0xf8, 0x70, 0x20, 0xff, 0xf0, 0x74, 0x20, 0xff, 0xf0, 0x70, 0x18, 0xff,
    0xf0, 0x74, 0x18, 0xff, 0xf0, 0x74, 0x18, 0xff, 0xf0, 0x74, 0x18, 0xff,
    0xf8, 0xa0, 0x68, 0xff, 0xf8, 0xfc, 0xf8, 0xff, 0xf8, 0xfc, 0xf8, 0xff,
    0xf8, 0xfc, 0xf8, 0xff, 0xf8, 0xfc, 0xf8, 0xff, 0xf8, 0xfc, 0xf8, 0xff,
    0xf8, 0xfc, 0xf8, 0xff, 0xf8, 0xfc, 0xf8, 0xff, 0xf8, 0xac, 0x78, 0xff,
    0xf0, 0x74, 0x20, 0xff, 0xf0, 0x74, 0x18, 0xff, 0xf0, 0x74, 0x18, 0xff,
    0xf0, 0x74, 0x20, 0xff, 0xf0, 0x74, 0x18, 0xff, 0xf0, 0x80, 0x30, 0xff,
    0xf8, 0xf0, 0xe8, 0xff, 0xf8, 0xfc, 0xf8, 0xff, 0xf8, 0xfc, 0xf8, 0xff,
    0xf8, 0xfc, 0xf8, 0xff, 0xf8, 0xfc, 0xf8, 0xff, 0xf8, 0xec, 0xe0, 0xff,
    0xf8, 0x80, 0x30, 0xff, 0xf0, 0x74, 0x18, 0xff, 0xf0, 0x70, 0x20, 0xff,
    0xf0, 0x74, 0x20, 0xff, 0xf0, 0x74, 0x18, 0xff, 0xf0, 0x74, 0x20, 0xff,
    0xf8, 0xcc, 0xa8, 0xff, 0xf8, 0xfc, 0xf8, 0xff, 0xf8, 0xfc, 0xf8, 0xff,
    0xf8, 0xfc, 0xf8, 0xff, 0xf8, 0xfc, 0xf8, 0xff, 0xf8, 0xfc, 0xf8, 0xff,
    0xf8, 0xfc, 0xf8, 0xff, 0xf8, 0xfc, 0xf8, 0xff, 0xf8, 0x98, 0x58, 0xff,
    0xf0, 0x74, 0x18, 0xff, 0xf0, 0x74, 0x18, 0xff, 0xf0, 0x74, 0x20, 0xff,
    0xf0, 0x74, 0x18, 0xff, 0xf0, 0x70, 0x20, 0xff, 0xf0, 0x74, 0x18, 0xff,
    0xf0, 0x74, 0x20, 0xff, 0xf0, 0x74, 0x18, 0xff, 0xf0, 0x74, 0x20, 0xff,
    0xf0, 0x74, 0x18, 0xff, 0xf0, 0x74, 0x18, 0xff, 0xf0, 0x70, 0x20, 0xff,
    0xf8, 0x74, 0x18, 0xff, 0xf0, 0x74, 0x18, 0xff, 0xf0, 0x74, 0x20, 0xff,
    0xf0, 0x74, 0x18, 0xff, 0xf8, 0x70, 0x18, 0xff, 0xf0, 0x74, 0x20, 0xff,
    0xf0, 0x74, 0x18, 0xff, 0xf0, 0x70, 0x18, 0xff, 0x78, 0x38, 0x10, 0x51,
    0x00, 0x00, 0x00, 0x00, 0x00, 0x00, 0x00, 0x00, 0xc0, 0x5c, 0x18, 0x96,
    0xf0, 0x74, 0x18, 0xff, 0xf0, 0x74, 0x20, 0xff, 0xf0, 0x70, 0x18, 0xff,
    0xf0, 0x74, 0x18, 0xff, 0xf0, 0x74, 0x20, 0xff, 0xf0, 0x70, 0x20, 0xff,
    0xf0, 0x74, 0x18, 0xff, 0xf0, 0x74, 0x20, 0xff, 0xf8, 0x74, 0x20, 0xff,
    0xf0, 0x74, 0x18, 0xff, 0xf0, 0x74, 0x18, 0xff, 0xf0, 0x70, 0x20, 0xff,
    0xf0, 0x74, 0x18, 0xff, 0xf0, 0x74, 0x18, 0xff, 0xf0, 0x74, 0x20, 0xff,
    0xf0, 0x70, 0x18, 0xff, 0xf0, 0x74, 0x18, 0xff, 0xf0, 0x70, 0x20, 0xff,
    0xf0, 0x74, 0x20, 0xff, 0xf0, 0x74, 0x18, 0xff, 0xf0, 0x8c, 0x40, 0xff,
    0xf8, 0xf8, 0xf8, 0xff, 0xf8, 0xfc, 0xf8, 0xff, 0xf8, 0xfc, 0xf8, 0xff,
    0xf8, 0xfc, 0xf8, 0xff, 0xf8, 0xfc, 0xf8, 0xff, 0xf8, 0xfc, 0xf8, 0xff,
    0xf8, 0xfc, 0xf8, 0xff, 0xf8, 0xfc, 0xf8, 0xff, 0xf8, 0xc4, 0xa0, 0xff,
    0xf0, 0x74, 0x20, 0xff, 0xf8, 0x74, 0x20, 0xff, 0xf0, 0x74, 0x18, 0xff,
    0xf0, 0x74, 0x20, 0xff, 0xf8, 0x80, 0x30, 0xff, 0xf8, 0xf0, 0xe8, 0xff,
    0xf8, 0xfc, 0xf8, 0xff, 0xf8, 0xfc, 0xf8, 0xff, 0xf8, 0xfc, 0xf8, 0xff,
    0xf8, 0xfc, 0xf8, 0xff, 0xf8, 0xf0, 0xe8, 0xff, 0xf0, 0x7c, 0x28, 0xff,
    0xf0, 0x74, 0x18, 0xff, 0xf0, 0x74, 0x18, 0xff, 0xf0, 0x74, 0x20, 0xff,
    0xf8, 0x78, 0x28, 0xff, 0xf8, 0xc8, 0xa0, 0xff, 0xf8, 0xfc, 0xf8, 0xff,
    0xf8, 0xfc, 0xf8, 0xff, 0xf8, 0xfc, 0xf8, 0xff, 0xf8, 0xfc, 0xf8, 0xff,
    0xf8, 0xfc, 0xf8, 0xff, 0xf8, 0xfc, 0xf8, 0xff, 0xf8, 0xfc, 0xf8, 0xff,
    0xf8, 0xf8, 0xf0, 0xff, 0xf0, 0x88, 0x40, 0xff, 0xf0, 0x74, 0x20, 0xff,
    0xf0, 0x70, 0x18, 0xff, 0xf0, 0x74, 0x18, 0xff, 0xf0, 0x74, 0x20, 0xff,
    0xf0, 0x70, 0x18, 0xff, 0xf0, 0x74, 0x18, 0xff, 0xf0, 0x74, 0x20, 0xff,
    0xf8, 0x70, 0x18, 0xff, 0xf0, 0x74, 0x18, 0xff, 0xf0, 0x74, 0x20, 0xff,
    0xf8, 0x74, 0x18, 0xff, 0xf0, 0x74, 0x18, 0xff, 0xf0, 0x70, 0x20, 0xff,
    0xf0, 0x74, 0x18, 0xff, 0xf0, 0x74, 0x20, 0xff, 0xf0, 0x70, 0x18, 0xff,
    0xf0, 0x74, 0x18, 0xff, 0xf0, 0x74, 0x20, 0xff, 0xf0, 0x74, 0x18, 0xff,
    0xf0, 0x74, 0x18, 0xff, 0xc0, 0x5c, 0x18, 0x96, 0x00, 0x00, 0x00, 0x00,
    0x20, 0x0c, 0x00, 0x08, 0xe0, 0x68, 0x18, 0xd7, 0xf0, 0x74, 0x18, 0xff,
    0xf0, 0x74, 0x20, 0xff, 0xf0, 0x74, 0x18, 0xff, 0xf8, 0x74, 0x18, 0xff,
    0xf0, 0x74, 0x20, 0xff, 0xf0, 0x74, 0x18, 0xff, 0xf8, 0x74, 0x18, 0xff,
    0xf0, 0x70, 0x18, 0xff, 0xf0, 0x74, 0x20, 0xff, 0xf0, 0x74, 0x18, 0xff,
    0xf0, 0x74, 0x20, 0xff, 0xf8, 0x74, 0x18, 0xff, 0xf0, 0x74, 0x20, 0xff,
    0xf0, 0x74, 0x18, 0xff, 0xf0, 0x74, 0x18, 0xff, 0xf0, 0x74, 0x20, 0xff,
    0xf0, 0x74, 0x18, 0xff, 0xf8, 0x74, 0x18, 0xff, 0xf0, 0x70, 0x20, 0xff,
    0xf0, 0x74, 0x18, 0xff, 0xf0, 0x70, 0x18, 0xff, 0xf8, 0xb4, 0x88, 0xff,
    0xf8, 0xfc, 0xf8, 0xff, 0xf8, 0xfc, 0xf8, 0xff, 0xf8, 0xfc, 0xf8, 0xff,
    0xf8, 0xfc, 0xf8, 0xff, 0xf8, 0xfc, 0xf8, 0xff, 0xf8, 0xfc, 0xf8, 0xff,
    0xf8, 0xfc, 0xf8, 0xff, 0xf8, 0xfc, 0xf8, 0xff, 0xf8, 0xdc, 0xc8, 0xff,
    0xf8, 0x84, 0x38, 0xff, 0xf0, 0x70, 0x18, 0xff, 0xf0, 0x74, 0x20, 0xff,
    0xf0, 0x80, 0x30, 0xff, 0xf8, 0xf0, 0xe8, 0xff, 0xf8, 0xfc, 0xf8, 0xff,
    0xf8, 0xfc, 0xf8, 0xff, 0xf8, 0xfc, 0xf8, 0xff, 0xf8, 0xfc, 0xf8, 0xff,
    0xf8, 0xf0, 0xe8, 0xff, 0xf0, 0x7c, 0x30, 0xff, 0xf0, 0x74, 0x18, 0xff,
    0xf0, 0x74, 0x18, 0xff, 0xf8, 0x84, 0x38, 0xff, 0xf8, 0xdc, 0xc8, 0xff,
    0xf8, 0xfc, 0xf8, 0xff, 0xf8, 0xfc, 0xf8, 0xff, 0xf8, 0xfc, 0xf8, 0xff,
    0xf8, 0xfc, 0xf8, 0xff, 0xf8, 0xfc, 0xf8, 0xff, 0xf8, 0xfc, 0xf8, 0xff,
    0xf8, 0xfc, 0xf8, 0xff, 0xf8, 0xfc, 0xf8, 0xff, 0xf8, 0xac, 0x78, 0xff,
    0xf0, 0x74, 0x18, 0xff, 0xf0, 0x74, 0x20, 0xff, 0xf8, 0x70, 0x18, 0xff,
    0xf0, 0x74, 0x18, 0xff, 0xf0, 0x74, 0x20, 0xff, 0xf8, 0x74, 0x18, 0xff,
    0xf0, 0x74, 0x18, 0xff, 0xf0, 0x70, 0x20, 0xff, 0xf0, 0x74, 0x18, 0xff,
    0xf0, 0x70, 0x18, 0xff, 0xf0, 0x74, 0x20, 0xff, 0xf0, 0x74, 0x18, 0xff,
    0xf0, 0x70, 0x20, 0xff, 0xf0, 0x74, 0x18, 0xff, 0xf0, 0x74, 0x18, 0xff,
    0xf8, 0x70, 0x20, 0xff, 0xf0, 0x74, 0x18, 0xff, 0xf0, 0x74, 0x18, 0xff,
    0xf0, 0x74, 0x20, 0xff, 0xf0, 0x70, 0x18, 0xff, 0xf0, 0x74, 0x18, 0xff,
    0xe0, 0x68, 0x18, 0xd3, 0x20, 0x0c, 0x00, 0x08, 0x30, 0x18, 0x08, 0x24,
    0xf0, 0x74, 0x18, 0xef, 0xf0, 0x74, 0x20, 0xff, 0xf0, 0x70, 0x18, 0xff,
    0xf0, 0x74, 0x20, 0xff, 0xf0, 0x70, 0x18, 0xff, 0xf0, 0x74, 0x18, 0xff,
    0xf0, 0x74, 0x20, 0xff, 0xf0, 0x70, 0x18, 0xff, 0xf0, 0x74, 0x18, 0xff,
    0xf0, 0x70, 0x18, 0xff, 0xf0, 0x74, 0x20, 0xff, 0xf0, 0x70, 0x18, 0xff,
    0xf0, 0x74, 0x18, 0xff, 0xf0, 0x70, 0x20, 0xff, 0xf8, 0x70, 0x18, 0xff,
    0xf0, 0x74, 0x18, 0xff, 0xf0, 0x74, 0x20, 0xff, 0xf0, 0x74, 0x18, 0xff,
    0xf0, 0x74, 0x18, 0xff, 0xf0, 0x74, 0x20, 0xff, 0xf0, 0x74, 0x18, 0xff,
    0xf0, 0x74, 0x18, 0xff, 0xf0, 0x74, 0x20, 0xff, 0xf8, 0xac, 0x78, 0xff,
    0xf8, 0xf8, 0xf0, 0xff, 0xf8, 0xfc, 0xf8, 0xff, 0xf8, 0xfc, 0xf8, 0xff,
    0xf8, 0xfc, 0xf8, 0xff, 0xf8, 0xfc, 0xf8, 0xff, 0xf8, 0xfc, 0xf8, 0xff,
    0xf8, 0xfc, 0xf8, 0xff, 0xf8, 0xfc, 0xf8, 0xff, 0xf8, 0xe8, 0xe0, 0xff,
    0xf8, 0x8c, 0x40, 0xff, 0xf0, 0x74, 0x18, 0xff, 0xf0, 0x80, 0x30, 0xff,
    0xf8, 0xf0, 0xe8, 0xff, 0xf8, 0xfc, 0xf8, 0xff, 0xf8, 0xfc, 0xf8, 0xff,
    0xf8, 0xfc, 0xf8, 0xff, 0xf8, 0xfc, 0xf8, 0xff, 0xf8, 0xf0, 0xe0, 0xff,
    0xf8, 0x7c, 0x30, 0xff, 0xf0, 0x74, 0x18, 0xff, 0xf8, 0x90, 0x50, 0xff,
    0xf8, 0xec, 0xe0, 0xff, 0xf8, 0xfc, 0xf8, 0xff, 0xf8, 0xfc, 0xf8, 0xff,
    0xf8, 0xfc, 0xf8, 0xff, 0xf8, 0xfc, 0xf8, 0xff, 0xf8, 0xfc, 0xf8, 0xff,
    0xf8, 0xfc, 0xf8, 0xff, 0xf8, 0xfc, 0xf8, 0xff, 0xf8, 0xf8, 0xf0, 0xff,
    0xf8, 0xa4, 0x70, 0xff, 0xf0, 0x74, 0x18, 0xff, 0xf0, 0x74, 0x18, 0xff,
    0xf0, 0x74, 0x20, 0xff, 0xf0, 0x74, 0x18, 0xff, 0xf0, 0x70, 0x18, 0xff,
    0xf0, 0x74, 0x20, 0xff, 0xf0, 0x74, 0x18, 0xff, 0xf0, 0x70, 0x20, 0xff,
    0xf0, 0x74, 0x18, 0xff, 0xf0, 0x74, 0x18, 0xff, 0xf0, 0x74, 0x20, 0xff,
    0xf0, 0x70, 0x18, 0xff, 0xf0, 0x74, 0x18, 0xff, 0xf0, 0x74, 0x20, 0xff,
    0xf0, 0x74, 0x18, 0xff, 0xf0, 0x74, 0x18, 0xff, 0xf0, 0x74, 0x20, 0xff,
    0xf0, 0x74, 0x18, 0xff, 0xf0, 0x74, 0x20, 0xff, 0xf8, 0x70, 0x18, 0xff,
    0xf0, 0x74, 0x20, 0xff, 0xf0, 0x74, 0x20, 0xff, 0xf0, 0x74, 0x18, 0xef,
    0x30, 0x18, 0x08, 0x24, 0x90, 0x44, 0x10, 0x49, 0xf0, 0x74, 0x18, 0xff,
    0xf0, 0x74, 0x18, 0xff, 0xf0, 0x74, 0x20, 0xff, 0xf0, 0x74, 0x18, 0xff,
    0xf0, 0x70, 0x18, 0xff, 0xf0, 0x74, 0x20, 0xff, 0xf0, 0x74, 0x18, 0xff,
    0xf0, 0x74, 0x20, 0xff, 0xf0, 0x74, 0x20, 0xff, 0xf8, 0x74, 0x18, 0xff,
    0xf0, 0x74, 0x18, 0xff, 0xf0, 0x74, 0x20, 0xff, 0xf0, 0x74, 0x18, 0xff,
    0xf0, 0x74, 0x18, 0xff, 0xf0, 0x74, 0x20, 0xff, 0xf0, 0x70, 0x18, 0xff,
    0xf0, 0x74, 0x20, 0xff, 0xf8, 0x70, 0x18, 0xff, 0xf0, 0x70, 0x20, 0xff,
    0xf0, 0x74, 0x18, 0xff, 0xf8, 0x74, 0x20, 0xff, 0xf0, 0x74, 0x18, 0xff,
    0xf0, 0x74, 0x18, 0xff, 0xf0, 0x74, 0x18, 0xff, 0xf8, 0x90, 0x48, 0xff,
    0xf8, 0xec, 0xe0, 0xff, 0xf8, 0xfc, 0xf8, 0xff, 0xf8, 0xfc, 0xf8, 0xff,
    0xf8, 0xfc, 0xf8, 0xff, 0xf8, 0xfc, 0xf8, 0xff, 0xf8, 0xfc, 0xf8, 0xff,
    0xf8, 0xfc, 0xf8, 0xff, 0xf8, 0xfc, 0xf8, 0xff, 0xf8, 0xf8, 0xf8, 0xff,
    0xf8, 0xac, 0x78, 0xff, 0xf8, 0x84, 0x38, 0xff, 0xf8, 0xf0, 0xe8, 0xff,
    0xf8, 0xfc, 0xf8, 0xff, 0xf8, 0xfc, 0xf8, 0xff, 0xf8, 0xfc, 0xf8, 0xff,
    0xf8, 0xfc, 0xf8, 0xff, 0xf8, 0xec, 0xe0, 0xff, 0xf0, 0x80, 0x30, 0xff,
    0xf8, 0xac, 0x78, 0xff, 0xf8, 0xf8, 0xf8, 0xff, 0xf8, 0xfc, 0xf8, 0xff,
    0xf8, 0xfc, 0xf8, 0xff, 0xf8, 0xfc, 0xf8, 0xff, 0xf8, 0xfc, 0xf8, 0xff,
    0xf8, 0xfc, 0xf8, 0xff, 0xf8, 0xfc, 0xf8, 0xff, 0xf8, 0xfc, 0xf8, 0xff,
    0xf8, 0xe8, 0xd8, 0xff, 0xf8, 0x8c, 0x48, 0xff, 0xf0, 0x74, 0x18, 0xff,
    0xf0, 0x74, 0x18, 0xff, 0xf0, 0x70, 0x20, 0xff, 0xf0, 0x74, 0x18, 0xff,
    0xf0, 0x74, 0x20, 0xff, 0xf0, 0x74, 0x18, 0xff, 0xf0, 0x70, 0x18, 0xff,
    0xf0, 0x74, 0x20, 0xff, 0xf8, 0x74, 0x18, 0xff, 0xf0, 0x74, 0x18, 0xff,
    0xf0, 0x74, 0x20, 0xff, 0xf8, 0x74, 0x20, 0xff, 0xf0, 0x74, 0x18, 0xff,
    0xf0, 0x70, 0x18, 0xff, 0xf8, 0x74, 0x20, 0xff, 0xf0, 0x74, 0x18, 0xff,
    0xf0, 0x70, 0x20, 0xff, 0xf0, 0x74, 0x18, 0xff, 0xf0, 0x74, 0x18, 0xff,
    0xf0, 0x70, 0x20, 0xff, 0xf0, 0x74, 0x18, 0xff, 0xf0, 0x74, 0x18, 0xff,
    0xf0, 0x74, 0x20, 0xff, 0xf0, 0x74, 0x18, 0xff, 0x90, 0x44, 0x10, 0x4d,
    0x90, 0x44, 0x10, 0x75, 0xf0, 0x74, 0x18, 0xff, 0xf0, 0x70, 0x18, 0xff,
    0xf0, 0x74, 0x20, 0xff, 0xf8, 0x74, 0x18, 0xff, 0xf0, 0x74, 0x18, 0xff,
    0xf0, 0x70, 0x20, 0xff, 0xf8, 0x74, 0x18, 0xff, 0xf0, 0x74, 0x18, 0xff,
    0xf0, 0x70, 0x20, 0xff, 0xf0, 0x74, 0x18, 0xff, 0xf0, 0x74, 0x18, 0xff,
    0xf0, 0x70, 0x20, 0xff, 0xf8, 0x74, 0x18, 0xff, 0xf0, 0x74, 0x20, 0xff,
    0xf0, 0x74, 0x18, 0xff, 0xf0, 0x74, 0x18, 0xff, 0xf0, 0x74, 0x20, 0xff,
    0xf0, 0x74, 0x18, 0xff, 0xf0, 0x74, 0x18, 0xff, 0xf0, 0x70, 0x20, 0xff,
    0xf0, 0x70, 0x18, 0xff, 0xf0, 0x74, 0x20, 0xff, 0xf0, 0x70, 0x18, 0xff,
    0xf0, 0x74, 0x20, 0xff, 0xf0, 0x74, 0x18, 0xff, 0xf8, 0x84, 0x38, 0xff,
    0xf8, 0xd8, 0xc0, 0xff, 0xf8, 0xfc, 0xf8, 0xff, 0xf8, 0xfc, 0xf8, 0xff,
    0xf8, 0xfc, 0xf8, 0xff, 0xf8, 0xfc, 0xf8, 0xff, 0xf8, 0xfc, 0xf8, 0xff,
    0xf8, 0xfc, 0xf8, 0xff, 0xf8, 0xfc, 0xf8, 0xff, 0xf8, 0xfc, 0xf8, 0xff,
    0xf8, 0xc8, 0xa8, 0xff, 0xf8, 0xf4, 0xf0, 0xff, 0xf8, 0xfc, 0xf8, 0xff,
    0xf8, 0xfc, 0xf8, 0xff, 0xf8, 0xfc, 0xf8, 0xff, 0xf8, 0xfc, 0xf8, 0xff,
    0xf8, 0xf4, 0xe8, 0xff, 0xf8, 0xcc, 0xb0, 0xff, 0xf8, 0xfc, 0xf8, 0xff,
    0xf8, 0xfc, 0xf8, 0xff, 0xf8, 0xfc, 0xf8, 0xff, 0xf8, 0xfc, 0xf8, 0xff,
    0xf8, 0xfc, 0xf8, 0xff, 0xf8, 0xfc, 0xf8, 0xff, 0xf8, 0xfc, 0xf8, 0xff,
    0xf8, 0xfc, 0xf8, 0xff, 0xf8, 0xd8, 0xc0, 0xff, 0xf0, 0x80, 0x30, 0xff,
    0xf0, 0x74, 0x18, 0xff, 0xf0, 0x74, 0x20, 0xff, 0xf0, 0x74, 0x18, 0xff,
    0xf0, 0x70, 0x18, 0xff, 0xf0, 0x74, 0x20, 0xff, 0xf8, 0x74, 0x18, 0xff,
    0xf0, 0x74, 0x20, 0xff, 0xf0, 0x74, 0x18, 0xff, 0xf0, 0x74, 0x18, 0xff,
    0xf0, 0x70, 0x20, 0xff, 0xf0, 0x74, 0x18, 0xff, 0xf0, 0x70, 0x18, 0xff,
    0xf0, 0x74, 0x20, 0xff, 0xf0, 0x74, 0x18, 0xff, 0xf0, 0x74, 0x18, 0xff,
    0xf0, 0x70, 0x20, 0xff, 0xf0, 0x74, 0x18, 0xff, 0xf8, 0x74, 0x18, 0xff,
    0xf0, 0x70, 0x20, 0xff, 0xf0, 0x74, 0x18, 0xff, 0xf8, 0x74, 0x18, 0xff,
    0xf0, 0x74, 0x20, 0xff, 0xf0, 0x70, 0x18, 0xff, 0xf0, 0x70, 0x18, 0xff,
    0xf0, 0x74, 0x18, 0xff, 0x90, 0x44, 0x10, 0x75, 0xc8, 0x60, 0x18, 0xa2,
    0xf0, 0x74, 0x18, 0xff, 0xf0, 0x74, 0x20, 0xff, 0xf0, 0x70, 0x18, 0xff,
    0xf0, 0x74, 0x20, 0xff, 0xf0, 0x74, 0x18, 0xff, 0xf0, 0x74, 0x18, 0xff,
    0xf0, 0x70, 0x20, 0xff, 0xf0, 0x74, 0x18, 0xff, 0xf0, 0x74, 0x18, 0xff,
    0xf0, 0x70, 0x20, 0xff, 0xf0, 0x74, 0x18, 0xff, 0xf0, 0x74, 0x18, 0xff,
    0xf0, 0x70, 0x20, 0xff, 0xf0, 0x74, 0x18, 0xff, 0xf0, 0x70, 0x18, 0xff,
    0xf8, 0x74, 0x20, 0xff, 0xf0, 0x74, 0x18, 0xff, 0xf0, 0x74, 0x18, 0xff,
    0xf0, 0x74, 0x20, 0xff, 0xf0, 0x74, 0x18, 0xff, 0xf0, 0x74, 0x18, 0xff,
    0xf0, 0x74, 0x20, 0xff, 0xf8, 0x70, 0x18, 0xff, 0xf0, 0x74, 0x20, 0xff,
    0xf0, 0x74, 0x20, 0xff, 0xf0, 0x70, 0x18, 0xff, 0xf0, 0x74, 0x20, 0xff,
    0xf8, 0xc4, 0xa0, 0xff, 0xf8, 0xfc, 0xf8, 0xff, 0xf8, 0xfc, 0xf8, 0xff,
    0xf8, 0xfc, 0xf8, 0xff, 0xf8, 0xfc, 0xf8, 0xff, 0xf8, 0xfc, 0xf8, 0xff,
    0xf8, 0xfc, 0xf8, 0xff, 0xf8, 0xfc, 0xf8, 0xff, 0xf8, 0xfc, 0xf8, 0xff,
    0xf8, 0xfc, 0xf8, 0xff, 0xf8, 0xfc, 0xf8, 0xff, 0xf8, 0xfc, 0xf8, 0xff,
    0xf8, 0xfc, 0xf8, 0xff, 0xf8, 0xfc, 0xf8, 0xff, 0xf8, 0xfc, 0xf8, 0xff,
    0xf8, 0xfc, 0xf8, 0xff, 0xf8, 0xfc, 0xf8, 0xff, 0xf8, 0xfc, 0xf8, 0xff,
    0xf8, 0xfc, 0xf8, 0xff, 0xf8, 0xfc, 0xf8, 0xff, 0xf8, 0xfc, 0xf8, 0xff,
    0xf8, 0xfc, 0xf8, 0xff, 0xf8, 0xfc, 0xf8, 0xff, 0xf8, 0xbc, 0x98, 0xff,
    0xf0, 0x74, 0x18, 0xff, 0xf0, 0x74, 0x18, 0xff, 0xf0, 0x74, 0x20, 0xff,
    0xf0, 0x70, 0x18, 0xff, 0xf0, 0x74, 0x20, 0xff, 0xf0, 0x74, 0x18, 0xff,
    0xf0, 0x70, 0x18, 0xff, 0xf0, 0x74, 0x20, 0xff, 0xf0, 0x70, 0x18, 0xff,
    0xf0, 0x74, 0x20, 0xff, 0xf8, 0x74, 0x18, 0xff, 0xf0, 0x74, 0x20, 0xff,
    0xf0, 0x74, 0x18, 0xff, 0xf0, 0x74, 0x18, 0xff, 0xf0, 0x70, 0x20, 0xff,
    0xf0, 0x74, 0x18, 0xff, 0xf8, 0x74, 0x20, 0xff, 0xf0, 0x74, 0x18, 0xff,
    0xf0, 0x74, 0x18, 0xff, 0xf0, 0x74, 0x20, 0xff, 0xf0, 0x70, 0x18, 0xff,
    0xf0, 0x74, 0x18, 0xff, 0xf0, 0x74, 0x20, 0xff, 0xf0, 0x74, 0x18, 0xff,
    0xf0, 0x74, 0x20, 0xff, 0xf8, 0x74, 0x18, 0xff, 0xf0, 0x74, 0x20, 0xff,
    0xc8, 0x60, 0x18, 0xa2, 0xf0, 0x74, 0x18, 0xbe, 0xf0, 0x74, 0x20, 0xff,
    0xf0, 0x74, 0x18, 0xff, 0xf0, 0x74, 0x18, 0xff, 0xf0, 0x70, 0x20, 0xff,
    0xf0, 0x74, 0x18, 0xff, 0xf0, 0x74, 0x18, 0xff, 0xf0, 0x74, 0x20, 0xff,
    0xf8, 0x74, 0x18, 0xff, 0xf0, 0x74, 0x18, 0xff, 0xf0, 0x74, 0x20, 0xff,
    0xf8, 0x74, 0x18, 0xff, 0xf0, 0x74, 0x18, 0xff, 0xf0, 0x74, 0x20, 0xff,
    0xf0, 0x70, 0x18, 0xff, 0xf0, 0x74, 0x20, 0xff, 0xf0, 0x74, 0x18, 0xff,
    0xf0, 0x70, 0x18, 0xff, 0xf0, 0x70, 0x20, 0xff, 0xf8, 0x74, 0x18, 0xff,
    0xf0, 0x74, 0x18, 0xff, 0xf0, 0x74, 0x20, 0xff, 0xf0, 0x74, 0x18, 0xff,
    0xf0, 0x74, 0x18, 0xff, 0xf0, 0x74, 0x18, 0xff, 0xf0, 0x74, 0x18, 0xff,
    0xf0, 0x74, 0x20, 0xff, 0xf0, 0x74, 0x18, 0xff, 0xf0, 0x74, 0x20, 0xff,
    0xf8, 0xa8, 0x70, 0xff, 0xf8, 0xfc, 0xf8, 0xff, 0xf8, 0xfc, 0xf8, 0xff,
    0xf8, 0xfc, 0xf8, 0xff, 0xf8, 0xfc, 0xf8, 0xff, 0xf8, 0xfc, 0xf8, 0xff,
    0xf8, 0xfc, 0xf8, 0xff, 0xf8, 0xfc, 0xf8, 0xff, 0xf8, 0xfc, 0xf8, 0xff,
    0xf8, 0xfc, 0xf8, 0xff, 0xf8, 0xfc, 0xf8, 0xff, 0xf8, 0xfc, 0xf8, 0xff,
    0xf8, 0xfc, 0xf8, 0xff, 0xf8, 0xfc, 0xf8, 0xff, 0xf8, 0xfc, 0xf8, 0xff,
    0xf8, 0xfc, 0xf8, 0xff, 0xf8, 0xfc, 0xf8, 0xff, 0xf8, 0xfc, 0xf8, 0xff,
    0xf8, 0xfc, 0xf8, 0xff, 0xf8, 0xfc, 0xf8, 0xff, 0xf8, 0xf8, 0xf8, 0xff,
    0xf8, 0xa4, 0x68, 0xff, 0xf0, 0x74, 0x20, 0xff, 0xf0, 0x74, 0x18, 0xff,
    0xf0, 0x74, 0x18, 0xff, 0xf0, 0x70, 0x20, 0xff, 0xf0, 0x74, 0x18, 0xff,
    0xf0, 0x74, 0x18, 0xff, 0xf8, 0x74, 0x20, 0xff, 0xf0, 0x74, 0x18, 0xff,
    0xf0, 0x74, 0x18, 0xff, 0xf0, 0x70, 0x18, 0xff, 0xf0, 0x74, 0x18, 0xff,
    0xf0, 0x74, 0x20, 0xff, 0xf0, 0x70, 0x18, 0xff, 0xf0, 0x74, 0x18, 0xff,
    0xf8, 0x74, 0x20, 0xff, 0xf0, 0x74, 0x18, 0xff, 0xf0, 0x70, 0x18, 0xff,
    0xf0, 0x74, 0x20, 0xff, 0xf0, 0x70, 0x18, 0xff, 0xf0, 0x74, 0x20, 0xff,
    0xf0, 0x74, 0x18, 0xff, 0xf0, 0x74, 0x20, 0xff, 0xf0, 0x70, 0x18, 0xff,
    0xf0, 0x74, 0x18, 0xff, 0xf0, 0x70, 0x20, 0xff, 0xf0, 0x74, 0x18, 0xff,
    0xf0, 0x74, 0x18, 0xff, 0xf0, 0x70, 0x18, 0xff, 0xf0, 0x74, 0x18, 0xbe,
    0xf0, 0x74, 0x18, 0xd7, 0xf0, 0x70, 0x18, 0xff, 0xf0, 0x74, 0x20, 0xff,
    0xf8, 0x74, 0x18, 0xff, 0xf0, 0x74, 0x18, 0xff, 0xf0, 0x70, 0x20, 0xff,
    0xf8, 0x74, 0x18, 0xff, 0xf0, 0x74, 0x20, 0xff, 0xf0, 0x70, 0x18, 0xff,
    0xf0, 0x70, 0x20, 0xff, 0xf0, 0x74, 0x18, 0xff, 0xf0, 0x70, 0x20, 0xff,
    0xf0, 0x74, 0x18, 0xff, 0xf0, 0x74, 0x18, 0xff, 0xf8, 0x74, 0x20, 0xff,
    0xf0, 0x74, 0x18, 0xff, 0xf0, 0x74, 0x20, 0xff, 0xf0, 0x74, 0x18, 0xff,
    0xf0, 0x74, 0x20, 0xff, 0xf0, 0x70, 0x18, 0xff, 0xf0, 0x74, 0x18, 0xff,
    0xf0, 0x70, 0x20, 0xff, 0xf8, 0x70, 0x18, 0xff, 0xf0, 0x74, 0x20, 0xff,
    0xf0, 0x70, 0x18, 0xff, 0xf0, 0x74, 0x18, 0xff, 0xf0, 0x74, 0x20, 0xff,
    0xf0, 0x74, 0x18, 0xff, 0xf0, 0x74, 0x18, 0xff, 0xf0, 0x74, 0x20, 0xff,
    0xf8, 0x90, 0x50, 0xff, 0xf8, 0xec, 0xe0, 0xff, 0xf8, 0xfc, 0xf8, 0xff,
    0xf8, 0xfc, 0xf8, 0xff, 0xf8, 0xfc, 0xf8, 0xff, 0xf8, 0xfc, 0xf8, 0xff,
    0xf8, 0xfc, 0xf8, 0xff, 0xf8, 0xfc, 0xf8, 0xff, 0xf8, 0xfc, 0xf8, 0xff,
    0xf8, 0xfc, 0xf8, 0xff, 0xf8, 0xfc, 0xf8, 0xff, 0xf8, 0xfc, 0xf8, 0xff,
    0xf8, 0xfc, 0xf8, 0xff, 0xf8, 0xfc, 0xf8, 0xff, 0xf8, 0xfc, 0xf8, 0xff,
    0xf8, 0xfc, 0xf8, 0xff, 0xf8, 0xfc, 0xf8, 0xff, 0xf8, 0xfc, 0xf8, 0xff,
    0xf8, 0xe8, 0xd8, 0xff, 0xf8, 0x90, 0x50, 0xff, 0xf0, 0x74, 0x18, 0xff,
    0xf0, 0x74, 0x18, 0xff, 0xf0, 0x74, 0x20, 0xff, 0xf0, 0x70, 0x18, 0xff,
    0xf0, 0x74, 0x18, 0xff, 0xf0, 0x74, 0x20, 0xff, 0xf0, 0x74, 0x18, 0xff,
    0xf0, 0x70, 0x20, 0xff, 0xf0, 0x74, 0x20, 0xff, 0xf0, 0x74, 0x18, 0xff,
    0xf8, 0x74, 0x20, 0xff, 0xf0, 0x74, 0x18, 0xff, 0xf0, 0x70, 0x18, 0xff,
    0xf0, 0x74, 0x20, 0xff, 0xf0, 0x70, 0x18, 0xff, 0xf0, 0x74, 0x20, 0xff,
    0xf0, 0x74, 0x18, 0xff, 0xf0, 0x74, 0x18, 0xff, 0xf0, 0x74, 0x20, 0xff,
    0xf0, 0x70, 0x18, 0xff, 0xf8, 0x74, 0x18, 0xff, 0xf0, 0x74, 0x20, 0xff,
    0xf0, 0x74, 0x18, 0xff, 0xf8, 0x74, 0x20, 0xff, 0xf0, 0x74, 0x18, 0xff,
    0xf0, 0x74, 0x18, 0xff, 0xf8, 0x70, 0x20, 0xff, 0xf0, 0x74, 0x20, 0xff,
    0xf0, 0x74, 0x18, 0xff, 0xf0, 0x74, 0x18, 0xd7, 0xf0, 0x74, 0x18, 0xeb,
    0xf0, 0x70, 0x20, 0xff, 0xf0, 0x74, 0x18, 0xff, 0xf0, 0x74, 0x20, 0xff,
    0xf0, 0x70, 0x18, 0xff, 0xf0, 0x74, 0x18, 0xff, 0xf0, 0x74, 0x20, 0xff,
    0xf0, 0x74, 0x18, 0xff, 0xf0, 0x74, 0x18, 0xff, 0xf0, 0x74, 0x20, 0xff,
    0xf0, 0x74, 0x18, 0xff, 0xf0, 0x70, 0x18, 0xff, 0xf0, 0x74, 0x20, 0xff,
    0xf0, 0x74, 0x18, 0xff, 0xf0, 0x70, 0x18, 0xff, 0xf0, 0x74, 0x20, 0xff,
    0xf0, 0x70, 0x18, 0xff, 0xf8, 0x74, 0x18, 0xff, 0xf0, 0x74, 0x20, 0xff,
    0xf0, 0x74, 0x18, 0xff, 0xf0, 0x74, 0x20, 0xff, 0xf0, 0x74, 0x18, 0xff,
    0xf0, 0x74, 0x18, 0xff, 0xf0, 0x74, 0x20, 0xff, 0xf0, 0x74, 0x20, 0xff,
    0xf8, 0x70, 0x18, 0xff, 0xf0, 0x74, 0x18, 0xff, 0xf0, 0x74, 0x20, 0xff,
    0xf0, 0x70, 0x18, 0xff, 0xf0, 0x74, 0x18, 0xff, 0xf0, 0x74, 0x18, 0xff,
    0xf0, 0x88, 0x38, 0xff, 0xf8, 0xe0, 0xd0, 0xff, 0xf8, 0xfc, 0xf8, 0xff,
    0xf8, 0xfc, 0xf8, 0xff, 0xf8, 0xfc, 0xf8, 0xff, 0xf8, 0xfc, 0xf8, 0xff,
    0xf8, 0xfc, 0xf8, 0xff, 0xf8, 0xfc, 0xf8, 0xff, 0xf8, 0xfc, 0xf8, 0xff,
    0xf8, 0xfc, 0xf8, 0xff, 0xf8, 0xfc, 0xf8, 0xff, 0xf8, 0xfc, 0xf8, 0xff,
    0xf8, 0xfc, 0xf8, 0xff, 0xf8, 0xfc, 0xf8, 0xff, 0xf8, 0xfc, 0xf8, 0xff,
    0xf8, 0xfc, 0xf8, 0xff, 0xf8, 0xdc, 0xc8, 0xff, 0xf0, 0x84, 0x30, 0xff,
    0xf0, 0x74, 0x18, 0xff, 0xf0, 0x74, 0x20, 0xff, 0xf0, 0x74, 0x18, 0xff,
    0xf0, 0x70, 0x18, 0xff, 0xf0, 0x74, 0x20, 0xff, 0xf8, 0x74, 0x18, 0xff,
    0xf0, 0x74, 0x18, 0xff, 0xf0, 0x70, 0x18, 0xff, 0xf0, 0x74, 0x18, 0xff,
    0xf0, 0x74, 0x18, 0xff, 0xf0, 0x70, 0x20, 0xff, 0xf0, 0x74, 0x18, 0xff,
    0xf0, 0x74, 0x20, 0xff, 0xf0, 0x74, 0x18, 0xff, 0xf8, 0x74, 0x18, 0xff,
    0xf0, 0x74, 0x20, 0xff, 0xf0, 0x70, 0x18, 0xff, 0xf0, 0x74, 0x18, 0xff,
    0xf8, 0x74, 0x20, 0xff, 0xf0, 0x74, 0x18, 0xff, 0xf0, 0x74, 0x18, 0xff,
    0xf0, 0x70, 0x20, 0xff, 0xf0, 0x74, 0x18, 0xff, 0xf0, 0x70, 0x18, 0xff,
    0xf0, 0x74, 0x20, 0xff, 0xf0, 0x74, 0x18, 0xff, 0xf0, 0x74, 0x18, 0xff,
    0xf0, 0x74, 0x20, 0xff, 0xf0, 0x70, 0x18, 0xff, 0xf0, 0x74, 0x20, 0xff,
    0xf0, 0x74, 0x20, 0xeb, 0xf0, 0x74, 0x18, 0xff, 0xf0, 0x74, 0x18, 0xff,
    0xf0, 0x74, 0x20, 0xff, 0xf0, 0x74, 0x18, 0xff, 0xf0, 0x70, 0x20, 0xff,
    0xf0, 0x74, 0x18, 0xff, 0xf0, 0x74, 0x18, 0xff, 0xf0, 0x70, 0x20, 0xff,
    0xf8, 0x74, 0x18, 0xff, 0xf0, 0x74, 0x18, 0xff, 0xf0, 0x74, 0x20, 0xff,
    0xf8, 0x74, 0x18, 0xff, 0xf0, 0x74, 0x20, 0xff, 0xf0, 0x70, 0x18, 0xff,
    0xf0, 0x74, 0x18, 0xff, 0xf0, 0x74, 0x20, 0xff, 0xf0, 0x74, 0x18, 0xff,
    0xf0, 0x70, 0x18, 0xff, 0xf0, 0x74, 0x20, 0xff, 0xf0, 0x74, 0x18, 0xff,
    0xf8, 0x70, 0x18, 0xff, 0xf0, 0x74, 0x20, 0xff, 0xf0, 0x74, 0x18, 0xff,
    0xf0, 0x74, 0x18, 0xff, 0xf0, 0x74, 0x18, 0xff, 0xf0, 0x70, 0x20, 0xff,
    0xf0, 0x74, 0x18, 0xff, 0xf0, 0x74, 0x20, 0xff, 0xf0, 0x74, 0x18, 0xff,
    0xf0, 0x70, 0x18, 0xff, 0xf0, 0x74, 0x20, 0xff, 0xf0, 0x74, 0x18, 0xff,
    0xf0, 0x78, 0x20, 0xff, 0xf8, 0xc8, 0xa8, 0xff, 0xf8, 0xfc, 0xf8, 0xff,
    0xf8, 0xfc, 0xf8, 0xff, 0xf8, 0xfc, 0xf8, 0xff, 0xf8, 0xfc, 0xf8, 0xff,
    0xf8, 0xfc, 0xf8, 0xff, 0xf8, 0xfc, 0xf8, 0xff, 0xf8, 0xfc, 0xf8, 0xff,
    0xf8, 0xfc, 0xf8, 0xff, 0xf8, 0xfc, 0xf8, 0xff, 0xf8, 0xfc, 0xf8, 0xff,
    0xf8, 0xfc, 0xf8, 0xff, 0xf8, 0xfc, 0xf8, 0xff, 0xf8, 0xc4, 0xa0, 0xff,
    0xf0, 0x78, 0x28, 0xff, 0xf0, 0x74, 0x18, 0xff, 0xf0, 0x74, 0x18, 0xff,
    0xf0, 0x74, 0x20, 0xff, 0xf0, 0x70, 0x18, 0xff, 0xf0, 0x74, 0x18, 0xff,
    0xf0, 0x74, 0x20, 0xff, 0xf0, 0x74, 0x20, 0xff, 0xf0, 0x70, 0x18, 0xff,
    0xf8, 0x74, 0x20, 0xff, 0xf0, 0x74, 0x18, 0xff, 0xf0, 0x74, 0x18, 0xff,
    0xf8, 0x70, 0x20, 0xff, 0xf0, 0x74, 0x18, 0xff, 0xf0, 0x74, 0x18, 0xff,
    0xf0, 0x70, 0x20, 0xff, 0xf0, 0x74, 0x18, 0xff, 0xf0, 0x74, 0x20, 0xff,
    0xf0, 0x74, 0x18, 0xff, 0xf0, 0x70, 0x20, 0xff, 0xf0, 0x74, 0x18, 0xff,
    0xf0, 0x70, 0x18, 0xff, 0xf0, 0x74, 0x20, 0xff, 0xf0, 0x74, 0x18, 0xff,
    0xf0, 0x74, 0x18, 0xff, 0xf0, 0x70, 0x20, 0xff, 0xf0, 0x74, 0x18, 0xff,
    0xf0, 0x70, 0x18, 0xff, 0xf0, 0x74, 0x20, 0xff, 0xf0, 0x74, 0x18, 0xff,
    0xf0, 0x74, 0x18, 0xff, 0xf0, 0x70, 0x18, 0xff, 0xf0, 0x74, 0x18, 0xff,
    0xf0, 0x74, 0x18, 0xff, 0xf0, 0x70, 0x20, 0xff, 0xf8, 0x74, 0x18, 0xff,
    0xf0, 0x74, 0x18, 0xff, 0xf0, 0x74, 0x20, 0xff, 0xf8, 0x74, 0x18, 0xff,
    0xf0, 0x70, 0x18, 0xff, 0xf0, 0x74, 0x20, 0xff, 0xf0, 0x70, 0x18, 0xff,
    0xf0, 0x74, 0x18, 0xff, 0xf0, 0x70, 0x20, 0xff, 0xf0, 0x74, 0x18, 0xff,
    0xf0, 0x74, 0x18, 0xff, 0xf8, 0x74, 0x20, 0xff, 0xf0, 0x74, 0x18, 0xff,
    0xf0, 0x74, 0x20, 0xff, 0xf8, 0x70, 0x18, 0xff, 0xf0, 0x74, 0x18, 0xff,
    0xf0, 0x74, 0x20, 0xff, 0xf0, 0x70, 0x18, 0xff, 0xf0, 0x74, 0x18, 0xff,
    0xf0, 0x74, 0x20, 0xff, 0xf0, 0x70, 0x20, 0xff, 0xf8, 0x70, 0x18, 0xff,
    0xf0, 0x74, 0x18, 0xff, 0xf0, 0x74, 0x20, 0xff, 0xf0, 0x74, 0x18, 0xff,
    0xf8, 0x74, 0x18, 0xff, 0xf0, 0x70, 0x20, 0xff, 0xf0, 0x74, 0x20, 0xff,
    0xf8, 0x74, 0x18, 0xff, 0xf0, 0x70, 0x18, 0xff, 0xf0, 0x74, 0x20, 0xff,
    0xf0, 0x74, 0x20, 0xff, 0xf8, 0xb0, 0x80, 0xff, 0xf8, 0xf8, 0xf8, 0xff,
    0xf8, 0xfc, 0xf8, 0xff, 0xf8, 0xfc, 0xf8, 0xff, 0xf8, 0xfc, 0xf8, 0xff,
    0xf8, 0xfc, 0xf8, 0xff, 0xf8, 0xfc, 0xf8, 0xff, 0xf8, 0xfc, 0xf8, 0xff,
    0xf8, 0xfc, 0xf8, 0xff, 0xf8, 0xfc, 0xf8, 0xff, 0xf8, 0xf8, 0xf8, 0xff,
    0xf8, 0xb0, 0x78, 0xff, 0xf0, 0x74, 0x20, 0xff, 0xf0, 0x74, 0x18, 0xff,
    0xf0, 0x74, 0x18, 0xff, 0xf0, 0x70, 0x20, 0xff, 0xf0, 0x74, 0x18, 0xff,
    0xf0, 0x74, 0x20, 0xff, 0xf8, 0x74, 0x18, 0xff, 0xf0, 0x74, 0x18, 0xff,
    0xf0, 0x70, 0x20, 0xff, 0xf0, 0x74, 0x18, 0xff, 0xf0, 0x74, 0x20, 0xff,
    0xf0, 0x74, 0x20, 0xff, 0xf0, 0x70, 0x18, 0xff, 0xf0, 0x74, 0x18, 0xff,
    0xf0, 0x74, 0x20, 0xff, 0xf0, 0x70, 0x18, 0xff, 0xf0, 0x74, 0x18, 0xff,
    0xf0, 0x74, 0x20, 0xff, 0xf8, 0x70, 0x18, 0xff, 0xf0, 0x74, 0x18, 0xff,
    0xf0, 0x74, 0x20, 0xff, 0xf0, 0x74, 0x18, 0xff, 0xf0, 0x74, 0x20, 0xff,
    0xf8, 0x70, 0x18, 0xff, 0xf0, 0x74, 0x18, 0xff, 0xf0, 0x74, 0x20, 0xff,
    0xf8, 0x74, 0x18, 0xff, 0xf0, 0x74, 0x18, 0xff, 0xf0, 0x74, 0x20, 0xff,
    0xf8, 0x70, 0x18, 0xff, 0xf0, 0x74, 0x20, 0xff, 0xf0, 0x74, 0x18, 0xff,
    0xf8, 0x74, 0x18, 0xff, 0xf0, 0x74, 0x20, 0xff, 0xf0, 0x74, 0x18, 0xff,
    0xf0, 0x74, 0x20, 0xff, 0xf0, 0x70, 0x18, 0xff, 0xf0, 0x74, 0x18, 0xff,
    0xf0, 0x74, 0x20, 0xff, 0xf0, 0x70, 0x18, 0xff, 0xf0, 0x74, 0x20, 0xff,
    0xf0, 0x74, 0x18, 0xff, 0xf0, 0x74, 0x20, 0xff, 0xf0, 0x74, 0x18, 0xff,
    0xf0, 0x74, 0x20, 0xff, 0xf0, 0x70, 0x18, 0xff, 0xf0, 0x74, 0x18, 0xff,
    0xf0, 0x70, 0x20, 0xff, 0xf0, 0x74, 0x18, 0xff, 0xf0, 0x74, 0x18, 0xff,
    0xf0, 0x70, 0x20, 0xff, 0xf0, 0x74, 0x18, 0xff, 0xf0, 0x74, 0x20, 0xff,
    0xf0, 0x74, 0x18, 0xff, 0xf0, 0x74, 0x18, 0xff, 0xf0, 0x74, 0x20, 0xff,
    0xf0, 0x74, 0x18, 0xff, 0xf0, 0x74, 0x18, 0xff, 0xf0, 0x74, 0x20, 0xff,
    0xf0, 0x70, 0x18, 0xff, 0xf0, 0x74, 0x18, 0xff, 0xf0, 0x74, 0x18, 0xff,
    0xf0, 0x74, 0x20, 0xff, 0xf0, 0x74, 0x18, 0xff, 0xf0, 0x74, 0x18, 0xff,
    0xf0, 0x74, 0x20, 0xff, 0xf0, 0x74, 0x18, 0xff, 0xf0, 0x74, 0x20, 0xff,
    0xf8, 0xac, 0x78, 0xff, 0xf8, 0xf8, 0xf0, 0xff, 0xf8, 0xfc, 0xf8, 0xff,
    0xf8, 0xfc, 0xf8, 0xff, 0xf8, 0xfc, 0xf8, 0xff, 0xf8, 0xfc, 0xf8, 0xff,
    0xf8, 0xfc, 0xf8, 0xff, 0xf8, 0xfc, 0xf8, 0xff, 0xf8, 0xfc, 0xf8, 0xff,
    0xf8, 0xfc, 0xf8, 0xff, 0xf8, 0xf8, 0xf0, 0xff, 0xf8, 0xa4, 0x68, 0xff,
    0xf0, 0x74, 0x20, 0xff, 0xf0, 0x74, 0x18, 0xff, 0xf0, 0x74, 0x18, 0xff,
    0xf8, 0x74, 0x20, 0xff, 0xf0, 0x70, 0x18, 0xff, 0xf0, 0x74, 0x18, 0xff,
    0xf0, 0x74, 0x20, 0xff, 0xf0, 0x70, 0x18, 0xff, 0xf0, 0x74, 0x18, 0xff,
    0xf0, 0x74, 0x18, 0xff, 0xf0, 0x74, 0x18, 0xff, 0xf0, 0x70, 0x20, 0xff,
    0xf0, 0x74, 0x18, 0xff, 0xf0, 0x74, 0x18, 0xff, 0xf8, 0x74, 0x20, 0xff,
    0xf0, 0x74, 0x18, 0xff, 0xf0, 0x74, 0x18, 0xff, 0xf0, 0x74, 0x20, 0xff,
    0xf0, 0x70, 0x18, 0xff, 0xf0, 0x74, 0x18, 0xff, 0xf8, 0x74, 0x20, 0xff,
    0xf0, 0x70, 0x18, 0xff, 0xf0, 0x74, 0x18, 0xff, 0xf0, 0x74, 0x20, 0xff,
    0xf0, 0x74, 0x20, 0xff, 0xf0, 0x70, 0x18, 0xff, 0xf0, 0x74, 0x20, 0xff,
    0xf0, 0x74, 0x18, 0xff, 0xf0, 0x74, 0x18, 0xff, 0xf0, 0x70, 0x20, 0xff,
    0xf0, 0x74, 0x18, 0xff, 0xf0, 0x74, 0x20, 0xff, 0xf0, 0x70, 0x18, 0xff,
    0xf0, 0x74, 0x18, 0xff, 0xf0, 0x74, 0x18, 0xff, 0xf0, 0x74, 0x18, 0xff,
    0xf0, 0x70, 0x20, 0xff, 0xf0, 0x74, 0x18, 0xff, 0xf0, 0x74, 0x18, 0xff,
    0xf0, 0x74, 0x20, 0xff, 0xf8, 0x74, 0x18, 0xff, 0xf0, 0x74, 0x18, 0xff,
    0xf0, 0x70, 0x20, 0xff, 0xf8, 0x74, 0x18, 0xff, 0xf0, 0x74, 0x18, 0xff,
    0xf0, 0x74, 0x20, 0xff, 0xf0, 0x74, 0x18, 0xff, 0xf0, 0x70, 0x20, 0xff,
    0xf0, 0x74, 0x18, 0xff, 0xf0, 0x74, 0x18, 0xff, 0xf0, 0x74, 0x20, 0xff,
    0xf0, 0x74, 0x18, 0xff, 0xf8, 0x70, 0x18, 0xff, 0xf0, 0x74, 0x20, 0xff,
    0xf0, 0x70, 0x18, 0xff, 0xf8, 0x74, 0x18, 0xff, 0xf0, 0x74, 0x20, 0xff,
    0xf0, 0x74, 0x18, 0xff, 0xf0, 0x70, 0x20, 0xff, 0xf0, 0x74, 0x18, 0xff,
    0xf8, 0x74, 0x20, 0xff, 0xf0, 0x70, 0x20, 0xff, 0xf0, 0x74, 0x18, 0xff,
    0xf0, 0x70, 0x18, 0xff, 0xf0, 0x74, 0x20, 0xff, 0xf0, 0x74, 0x18, 0xff,
    0xf0, 0x74, 0x20, 0xff, 0xf8, 0xbc, 0x90, 0xff, 0xf8, 0xfc, 0xf8, 0xff,
    0xf8, 0xfc, 0xf8, 0xff, 0xf8, 0xfc, 0xf8, 0xff, 0xf8, 0xfc, 0xf8, 0xff,
    0xf8, 0xfc, 0xf8, 0xff, 0xf8, 0xfc, 0xf8, 0xff, 0xf8, 0xfc, 0xf8, 0xff,
    0xf8, 0xfc, 0xf8, 0xff, 0xf8, 0xfc, 0xf8, 0xff, 0xf8, 0xfc, 0xf8, 0xff,
    0xf8, 0xfc, 0xf8, 0xff, 0xf8, 0xf8, 0xf8, 0xff, 0xf8, 0xb4, 0x88, 0xff,
    0xf0, 0x74, 0x20, 0xff, 0xf0, 0x74, 0x18, 0xff, 0xf0, 0x74, 0x20, 0xff,
    0xf0, 0x74, 0x18, 0xff, 0xf0, 0x70, 0x18, 0xff, 0xf0, 0x74, 0x20, 0xff,
    0xf0, 0x74, 0x20, 0xff, 0xf8, 0x74, 0x18, 0xff, 0xf0, 0x74, 0x20, 0xff,
    0xf0, 0x70, 0x18, 0xff, 0xf8, 0x74, 0x18, 0xff, 0xf0, 0x74, 0x20, 0xff,
    0xf0, 0x74, 0x18, 0xff, 0xf0, 0x70, 0x20, 0xff, 0xf0, 0x74, 0x18, 0xff,
    0xf0, 0x74, 0x20, 0xff, 0xf8, 0x70, 0x18, 0xff, 0xf0, 0x74, 0x20, 0xff,
    0xf0, 0x74, 0x18, 0xff, 0xf0, 0x74, 0x18, 0xff, 0xf0, 0x70, 0x20, 0xff,
    0xf0, 0x74, 0x18, 0xff, 0xf0, 0x74, 0x18, 0xff, 0xf0, 0x74, 0x18, 0xff,
    0xf0, 0x70, 0x18, 0xff, 0xf0, 0x74, 0x20, 0xff, 0xf8, 0x74, 0x18, 0xff,
    0xf0, 0x70, 0x18, 0xff, 0xf0, 0x74, 0x20, 0xff, 0xf0, 0x74, 0x18, 0xff,
    0xf0, 0x70, 0x18, 0xff, 0xf0, 0x74, 0x20, 0xff, 0xf0, 0x74, 0x18, 0xff,
    0xf0, 0x74, 0x18, 0xeb, 0xf0, 0x74, 0x20, 0xff, 0xf0, 0x74, 0x18, 0xff,
    0xf8, 0x70, 0x20, 0xff, 0xf0, 0x74, 0x18, 0xff, 0xf0, 0x74, 0x18, 0xff,
    0xf0, 0x70, 0x20, 0xff, 0xf0, 0x74, 0x18, 0xff, 0xf0, 0x74, 0x18, 0xff,
    0xf0, 0x70, 0x20, 0xff, 0xf0, 0x74, 0x18, 0xff, 0xf8, 0x74, 0x18, 0xff,
    0xf0, 0x74, 0x20, 0xff, 0xf0, 0x74, 0x18, 0xff, 0xf8, 0x70, 0x20, 0xff,
    0xf0, 0x74, 0x18, 0xff, 0xf0, 0x74, 0x20, 0xff, 0xf0, 0x70, 0x18, 0xff,
    0xf0, 0x74, 0x18, 0xff, 0xf0, 0x74, 0x20, 0xff, 0xf0, 0x74, 0x18, 0xff,
    0xf0, 0x70, 0x18, 0xff, 0xf0, 0x74, 0x20, 0xff, 0xf0, 0x70, 0x18, 0xff,
    0xf8, 0x74, 0x18, 0xff, 0xf0, 0x74, 0x20, 0xff, 0xf0, 0x74, 0x18, 0xff,
    0xf0, 0x74, 0x18, 0xff, 0xf0, 0x70, 0x18, 0xff, 0xf8, 0x74, 0x20, 0xff,
    0xf0, 0x74, 0x18, 0xff, 0xf8, 0x80, 0x30, 0xff, 0xf8, 0xdc, 0xc8, 0xff,
    0xf8, 0xfc, 0xf8, 0xff, 0xf8, 0xfc, 0xf8, 0xff, 0xf8, 0xfc, 0xf8, 0xff,
    0xf8, 0xfc, 0xf8, 0xff, 0xf8, 0xfc, 0xf8, 0xff, 0xf8, 0xfc, 0xf8, 0xff,
    0xf8, 0xfc, 0xf8, 0xff, 0xf8, 0xfc, 0xf8, 0xff, 0xf8, 0xfc, 0xf8, 0xff,
    0xf8, 0xfc, 0xf8, 0xff, 0xf8, 0xfc, 0xf8, 0xff, 0xf8, 0xfc, 0xf8, 0xff,
    0xf8, 0xfc, 0xf8, 0xff, 0xf8, 0xfc, 0xf8, 0xff, 0xf8, 0xd0, 0xb8, 0xff,
    0xf8, 0x80, 0x30, 0xff, 0xf0, 0x74, 0x18, 0xff, 0xf0, 0x74, 0x20, 0xff,
    0xf0, 0x74, 0x18, 0xff, 0xf0, 0x70, 0x18, 0xff, 0xf0, 0x74, 0x18, 0xff,
    0xf0, 0x74, 0x20, 0xff, 0xf0, 0x70, 0x18, 0xff, 0xf0, 0x74, 0x20, 0xff,
    0xf0, 0x74, 0x18, 0xff, 0xf0, 0x74, 0x18, 0xff, 0xf0, 0x70, 0x20, 0xff,
    0xf0, 0x74, 0x18, 0xff, 0xf0, 0x74, 0x18, 0xff, 0xf0, 0x70, 0x20, 0xff,
    0xf0, 0x74, 0x18, 0xff, 0xf0, 0x74, 0x18, 0xff, 0xf0, 0x74, 0x20, 0xff,
    0xf0, 0x74, 0x18, 0xff, 0xf0, 0x74, 0x20, 0xff, 0xf8, 0x70, 0x20, 0xff,
    0xf0, 0x74, 0x18, 0xff, 0xf0, 0x74, 0x18, 0xff, 0xf8, 0x74, 0x20, 0xff,
    0xf0, 0x74, 0x18, 0xff, 0xf0, 0x70, 0x20, 0xff, 0xf0, 0x74, 0x18, 0xff,
    0xf0, 0x74, 0x18, 0xff, 0xf8, 0x74, 0x20, 0xff, 0xf0, 0x74, 0x18, 0xff,
    0xf0, 0x74, 0x20, 0xff, 0xf0, 0x70, 0x18, 0xeb, 0xf0, 0x70, 0x18, 0xd7,
    0xf0, 0x74, 0x18, 0xff, 0xf0, 0x74, 0x20, 0xff, 0xf0, 0x74, 0x18, 0xff,
    0xf0, 0x70, 0x20, 0xff, 0xf0, 0x74, 0x18, 0xff, 0xf0, 0x74, 0x20, 0xff,
    0xf0, 0x74, 0x18, 0xff, 0xf0, 0x74, 0x18, 0xff, 0xf0, 0x70, 0x20, 0xff,
    0xf0, 0x74, 0x18, 0xff, 0xf0, 0x70, 0x18, 0xff, 0xf0, 0x74, 0x20, 0xff,
    0xf0, 0x74, 0x18, 0xff, 0xf0, 0x74, 0x18, 0xff, 0xf0, 0x70, 0x20, 0xff,
    0xf8, 0x74, 0x18, 0xff, 0xf0, 0x74, 0x20, 0xff, 0xf0, 0x74, 0x18, 0xff,
    0xf0, 0x74, 0x20, 0xff, 0xf0, 0x74, 0x18, 0xff, 0xf0, 0x74, 0x20, 0xff,
    0xf0, 0x74, 0x18, 0xff, 0xf0, 0x74, 0x18, 0xff, 0xf0, 0x74, 0x20, 0xff,
    0xf0, 0x70, 0x18, 0xff, 0xf0, 0x74, 0x18, 0xff, 0xf0, 0x74, 0x20, 0xff,
    0xf0, 0x74, 0x18, 0xff, 0xf0, 0x74, 0x18, 0xff, 0xf8, 0x8c, 0x48, 0xff,
    0xf8, 0xe4, 0xd8, 0xff, 0xf8, 0xfc, 0xf8, 0xff, 0xf8, 0xfc, 0xf8, 0xff,
    0xf8, 0xfc, 0xf8, 0xff, 0xf8, 0xfc, 0xf8, 0xff, 0xf8, 0xfc, 0xf8, 0xff,
    0xf8, 0xfc, 0xf8, 0xff, 0xf8, 0xfc, 0xf8, 0xff, 0xf8, 0xfc, 0xf8, 0xff,
    0xf8, 0xfc, 0xf8, 0xff, 0xf8, 0xfc, 0xf8, 0xff, 0xf8, 0xfc, 0xf8, 0xff,
    0xf8, 0xfc, 0xf8, 0xff, 0xf8, 0xfc, 0xf8, 0xff, 0xf8, 0xfc, 0xf8, 0xff,
    0xf8, 0xfc, 0xf8, 0xff, 0xf8, 0xfc, 0xf8, 0xff, 0xf8, 0xe0, 0xd0, 0xff,
    0xf8, 0x88, 0x40, 0xff, 0xf0, 0x74, 0x18, 0xff, 0xf0, 0x74, 0x20, 0xff,
    0xf8, 0x74, 0x18, 0xff, 0xf0, 0x70, 0x18, 0xff, 0xf0, 0x74, 0x18, 0xff,
    0xf0, 0x74, 0x20, 0xff, 0xf0, 0x74, 0x18, 0xff, 0xf0, 0x74, 0x18, 0xff,
    0xf8, 0x70, 0x20, 0xff, 0xf0, 0x74, 0x18, 0xff, 0xf0, 0x74, 0x18, 0xff,
    0xf8, 0x74, 0x20, 0xff, 0xf0, 0x74, 0x18, 0xff, 0xf0, 0x74, 0x18, 0xff,
    0xf0, 0x70, 0x20, 0xff, 0xf0, 0x74, 0x18, 0xff, 0xf0, 0x74, 0x18, 0xff,
    0xf0, 0x70, 0x18, 0xff, 0xf0, 0x74, 0x20, 0xff, 0xf0, 0x74, 0x18, 0xff,
    0xf0, 0x70, 0x20, 0xff, 0xf0, 0x74, 0x18, 0xff, 0xf0, 0x74, 0x18, 0xff,
    0xf0, 0x74, 0x20, 0xff, 0xf0, 0x74, 0x18, 0xff, 0xf0, 0x70, 0x20, 0xff,
    0xf0, 0x74, 0x18, 0xff, 0xf0, 0x74, 0x18, 0xff, 0xf0, 0x70, 0x20, 0xff,
    0xf0, 0x74, 0x18, 0xd7, 0xf0, 0x74, 0x18, 0xbe, 0xf0, 0x70, 0x20, 0xff,
    0xf0, 0x74, 0x18, 0xff, 0xf0, 0x74, 0x18, 0xff, 0xf0, 0x74, 0x18, 0xff,
    0xf8, 0x70, 0x20, 0xff, 0xf0, 0x74, 0x18, 0xff, 0xf0, 0x74, 0x20, 0xff,
    0xf8, 0x70, 0x18, 0xff, 0xf0, 0x74, 0x20, 0xff, 0xf0, 0x74, 0x18, 0xff,
    0xf0, 0x74, 0x20, 0xff, 0xf0, 0x70, 0x18, 0xff, 0xf8, 0x74, 0x18, 0xff,
    0xf0, 0x74, 0x20, 0xff, 0xf0, 0x74, 0x18, 0xff, 0xf0, 0x74, 0x18, 0xff,
    0xf0, 0x70, 0x18, 0xff, 0xf0, 0x74, 0x20, 0xff, 0xf8, 0x70, 0x18, 0xff,
    0xf0, 0x70, 0x18, 0xff, 0xf0, 0x74, 0x20, 0xff, 0xf8, 0x74, 0x18, 0xff,
    0xf0, 0x70, 0x18, 0xff, 0xf0, 0x74, 0x20, 0xff, 0xf0, 0x74, 0x18, 0xff,
    0xf0, 0x70, 0x20, 0xff, 0xf8, 0x74, 0x20, 0xff, 0xf0, 0x74, 0x20, 0xff,
    0xf8, 0x9c, 0x60, 0xff, 0xf8, 0xf8, 0xf8, 0xff, 0xf8, 0xfc, 0xf8, 0xff,
    0xf8, 0xfc, 0xf8, 0xff, 0xf8, 0xfc, 0xf8, 0xff, 0xf8, 0xfc, 0xf8, 0xff,
    0xf8, 0xfc, 0xf8, 0xff, 0xf8, 0xfc, 0xf8, 0xff, 0xf8, 0xfc, 0xf8, 0xff,
    0xf8, 0xfc, 0xf8, 0xff, 0xf8, 0xfc, 0xf8, 0xff, 0xf8, 0xfc, 0xf8, 0xff,
    0xf8, 0xfc, 0xf8, 0xff, 0xf8, 0xfc, 0xf8, 0xff, 0xf8, 0xfc, 0xf8, 0xff,
    0xf8, 0xfc, 0xf8, 0xff, 0xf8, 0xfc, 0xf8, 0xff, 0xf8, 0xfc, 0xf8, 0xff,
    0xf8, 0xfc, 0xf8, 0xff, 0xf8, 0xfc, 0xf8, 0xff, 0xf8, 0xf4, 0xf0, 0xff,
    0xf8, 0x9c, 0x60, 0xff, 0xf0, 0x74, 0x20, 0xff, 0xf0, 0x74, 0x20, 0xff,
    0xf0, 0x74, 0x18, 0xff, 0xf8, 0x74, 0x20, 0xff, 0xf0, 0x70, 0x18, 0xff,
    0xf0, 0x74, 0x18, 0xff, 0xf0, 0x74, 0x20, 0xff, 0xf0, 0x74, 0x18, 0xff,
    0xf0, 0x74, 0x20, 0xff, 0xf0, 0x70, 0x18, 0xff, 0xf0, 0x74, 0x20, 0xff,
    0xf0, 0x74, 0x18, 0xff, 0xf0, 0x70, 0x18, 0xff, 0xf8, 0x74, 0x20, 0xff,
    0xf0, 0x74, 0x20, 0xff, 0xf0, 0x70, 0x18, 0xff, 0xf8, 0x74, 0x18, 0xff,
    0xf0, 0x74, 0x18, 0xff, 0xf0, 0x74, 0x20, 0xff, 0xf0, 0x70, 0x18, 0xff,
    0xf0, 0x74, 0x18, 0xff, 0xf0, 0x74, 0x20, 0xff, 0xf8, 0x70, 0x18, 0xff,
    0xf0, 0x74, 0x18, 0xff, 0xf0, 0x74, 0x20, 0xff, 0xf0, 0x70, 0x18, 0xff,
    0xf8, 0x74, 0x18, 0xff, 0xf0, 0x74, 0x20, 0xff, 0xf0, 0x74, 0x18, 0xbe,
    0xc8, 0x60, 0x18, 0xa2, 0xf0, 0x74, 0x18, 0xff, 0xf0, 0x74, 0x20, 0xff,
    0xf0, 0x70, 0x18, 0xff, 0xf0, 0x74, 0x18, 0xff, 0xf0, 0x74, 0x20, 0xff,
    0xf0, 0x70, 0x18, 0xff, 0xf0, 0x74, 0x18, 0xff, 0xf0, 0x74, 0x20, 0xff,
    0xf0, 0x74, 0x18, 0xff, 0xf8, 0x74, 0x18, 0xff, 0xf0, 0x74, 0x20, 0xff,
    0xf0, 0x74, 0x18, 0xff, 0xf0, 0x70, 0x18, 0xff, 0xf0, 0x74, 0x20, 0xff,
    0xf0, 0x74, 0x18, 0xff, 0xf0, 0x70, 0x18, 0xff, 0xf0, 0x74, 0x20, 0xff,
    0xf0, 0x74, 0x18, 0xff, 0xf0, 0x74, 0x18, 0xff, 0xf0, 0x74, 0x20, 0xff,
    0xf0, 0x74, 0x18, 0xff, 0xf0, 0x70, 0x20, 0xff, 0xf0, 0x74, 0x18, 0xff,
    0xf0, 0x74, 0x18, 0xff, 0xf0, 0x74, 0x18, 0xff, 0xf0, 0x74, 0x18, 0xff,
    0xf0, 0x70, 0x18, 0xff, 0xf8, 0xbc, 0x98, 0xff, 0xf8, 0xfc, 0xf8, 0xff,
    0xf8, 0xfc, 0xf8, 0xff, 0xf8, 0xfc, 0xf8, 0xff, 0xf8, 0xfc, 0xf8, 0xff,
    0xf8, 0xfc, 0xf8, 0xff, 0xf8, 0xfc, 0xf8, 0xff, 0xf8, 0xfc, 0xf8, 0xff,
    0xf8, 0xfc, 0xf8, 0xff, 0xf8, 0xfc, 0xf8, 0xff, 0xf8, 0xfc, 0xf8, 0xff,
    0xf8, 0xfc, 0xf8, 0xff, 0xf8, 0xfc, 0xf8, 0xff, 0xf8, 0xfc, 0xf8, 0xff,
    0xf8, 0xfc, 0xf8, 0xff, 0xf8, 0xfc, 0xf8, 0xff, 0xf8, 0xfc, 0xf8, 0xff,
    0xf8, 0xfc, 0xf8, 0xff, 0xf8, 0xfc, 0xf8, 0xff, 0xf8, 0xfc, 0xf8, 0xff,
    0xf8, 0xfc, 0xf8, 0xff, 0xf8, 0xfc, 0xf8, 0xff, 0xf8, 0xf8, 0xf8, 0xff,
    0xf8, 0xb4, 0x80, 0xff, 0xf0, 0x74, 0x20, 0xff, 0xf0, 0x74, 0x18, 0xff,
    0xf0, 0x74, 0x20, 0xff, 0xf0, 0x70, 0x18, 0xff, 0xf0, 0x74, 0x20, 0xff,
    0xf8, 0x70, 0x18, 0xff, 0xf0, 0x74, 0x18, 0xff, 0xf0, 0x74, 0x20, 0xff,
    0xf0, 0x70, 0x18, 0xff, 0xf0, 0x74, 0x18, 0xff, 0xf0, 0x74, 0x20, 0xff,
    0xf0, 0x70, 0x18, 0xff, 0xf0, 0x74, 0x18, 0xff, 0xf0, 0x74, 0x20, 0xff,
    0xf0, 0x74, 0x18, 0xff, 0xf0, 0x74, 0x20, 0xff, 0xf0, 0x74, 0x18, 0xff,
    0xf0, 0x74, 0x18, 0xff, 0xf8, 0x74, 0x20, 0xff, 0xf0, 0x74, 0x18, 0xff,
    0xf0, 0x70, 0x20, 0xff, 0xf0, 0x74, 0x18, 0xff, 0xf0, 0x74, 0x18, 0xff,
    0xf0, 0x74, 0x20, 0xff, 0xf0, 0x74, 0x18, 0xff, 0xf0, 0x74, 0x20, 0xff,
    0xf0, 0x74, 0x18, 0xff, 0xc8, 0x60, 0x18, 0xa2, 0x90, 0x44, 0x10, 0x75,
    0xf0, 0x74, 0x18, 0xff, 0xf8, 0x74, 0x20, 0xff, 0xf0, 0x74, 0x18, 0xff,
    0xf0, 0x74, 0x20, 0xff, 0xf0, 0x74, 0x18, 0xff, 0xf0, 0x74, 0x18, 0xff,
    0xf0, 0x74, 0x20, 0xff, 0xf0, 0x70, 0x18, 0xff, 0xf0, 0x74, 0x18, 0xff,
    0xf0, 0x70, 0x20, 0xff, 0xf0, 0x74, 0x18, 0xff, 0xf0, 0x74, 0x20, 0xff,
    0xf0, 0x70, 0x18, 0xff, 0xf0, 0x74, 0x20, 0xff, 0xf8, 0x74, 0x18, 0xff,
    0xf0, 0x74, 0x20, 0xff, 0xf0, 0x74, 0x20, 0xff, 0xf8, 0x74, 0x18, 0xff,
    0xf0, 0x70, 0x18, 0xff, 0xf0, 0x74, 0x20, 0xff, 0xf0, 0x74, 0x18, 0xff,
    0xf0, 0x74, 0x18, 0xff, 0xf8, 0x74, 0x20, 0xff, 0xf0, 0x70, 0x20, 0xff,
    0xf0, 0x74, 0x18, 0xff, 0xf8, 0x80, 0x30, 0xff, 0xf8, 0xd0, 0xb8, 0xff,
    0xf8, 0xfc, 0xf8, 0xff, 0xf8, 0xfc, 0xf8, 0xff, 0xf8, 0xfc, 0xf8, 0xff,
    0xf8, 0xfc, 0xf8, 0xff, 0xf8, 0xfc, 0xf8, 0xff, 0xf8, 0xfc, 0xf8, 0xff,
    0xf8, 0xfc, 0xf8, 0xff, 0xf8, 0xfc, 0xf8, 0xff, 0xf8, 0xd0, 0xb0, 0xff,
    0xf8, 0xf4, 0xf0, 0xff, 0xf8, 0xfc, 0xf8, 0xff, 0xf8, 0xfc, 0xf8, 0xff,
    0xf8, 0xfc, 0xf8, 0xff, 0xf8, 0xfc, 0xf8, 0xff, 0xf8, 0xf4, 0xe8, 0xff,
    0xf8, 0xd0, 0xb8, 0xff, 0xf8, 0xfc, 0xf8, 0xff, 0xf8, 0xfc, 0xf8, 0xff,
    0xf8, 0xfc, 0xf8, 0xff, 0xf8, 0xfc, 0xf8, 0xff, 0xf8, 0xfc, 0xf8, 0xff,
    0xf8, 0xfc, 0xf8, 0xff, 0xf8, 0xfc, 0xf8, 0xff, 0xf8, 0xfc, 0xf8, 0xff,
    0xf8, 0xc8, 0xa8, 0xff, 0xf0, 0x78, 0x28, 0xff, 0xf0, 0x74, 0x18, 0xff,
    0xf0, 0x74, 0x18, 0xff, 0xf0, 0x74, 0x20, 0xff, 0xf0, 0x74, 0x18, 0xff,
    0xf0, 0x70, 0x18, 0xff, 0xf0, 0x74, 0x20, 0xff, 0xf8, 0x74, 0x18, 0xff,
    0xf0, 0x74, 0x18, 0xff, 0xf0, 0x74, 0x20, 0xff, 0xf8, 0x74, 0x18, 0xff,
    0xf0, 0x74, 0x18, 0xff, 0xf0, 0x70, 0x18, 0xff, 0xf0, 0x74, 0x20, 0xff,
    0xf0, 0x70, 0x18, 0xff, 0xf0, 0x70, 0x20, 0xff, 0xf0, 0x74, 0x18, 0xff,
    0xf0, 0x74, 0x18, 0xff, 0xf0, 0x70, 0x20, 0xff, 0xf0, 0x74, 0x18, 0xff,
    0xf0, 0x74, 0x20, 0xff, 0xf0, 0x70, 0x18, 0xff, 0xf8, 0x74, 0x18, 0xff,
    0xf0, 0x70, 0x20, 0xff, 0xf0, 0x74, 0x18, 0xff, 0xf0, 0x70, 0x18, 0xff,
    0x90, 0x44, 0x10, 0x75, 0x90, 0x44, 0x10, 0x49, 0xf0, 0x74, 0x18, 0xff,
    0xf0, 0x70, 0x18, 0xff, 0xf0, 0x74, 0x20, 0xff, 0xf8, 0x70, 0x18, 0xff,
    0xf0, 0x74, 0x18, 0xff, 0xf0, 0x74, 0x20, 0xff, 0xf8, 0x70, 0x18, 0xff,
    0xf0, 0x74, 0x18, 0xff, 0xf0, 0x74, 0x20, 0xff, 0xf0, 0x74, 0x18, 0xff,
    0xf0, 0x70, 0x18, 0xff, 0xf8, 0x74, 0x20, 0xff, 0xf0, 0x74, 0x18, 0xff,
    0xf0, 0x74, 0x18, 0xff, 0xf0, 0x70, 0x20, 0xff, 0xf0, 0x74, 0x18, 0xff,
    0xf0, 0x74, 0x18, 0xff, 0xf0, 0x70, 0x20, 0xff, 0xf0, 0x74, 0x18, 0xff,
    0xf0, 0x74, 0x18, 0xff, 0xf8, 0x70, 0x20, 0xff, 0xf0, 0x74, 0x18, 0xff,
    0xf0, 0x74, 0x18, 0xff, 0xf0, 0x70, 0x20, 0xff, 0xf8, 0x88, 0x40, 0xff,
    0xf8, 0xe8, 0xd8, 0xff, 0xf8, 0xfc, 0xf8, 0xff, 0xf8, 0xfc, 0xf8, 0xff,
    0xf8, 0xfc, 0xf8, 0xff, 0xf8, 0xfc, 0xf8, 0xff, 0xf8, 0xfc, 0xf8, 0xff,
    0xf8, 0xfc, 0xf8, 0xff, 0xf8, 0xfc, 0xf8, 0xff, 0xf8, 0xf8, 0xf8, 0xff,
    0xf8, 0xb0, 0x80, 0xff, 0xf0, 0x84, 0x38, 0xff, 0xf8, 0xf0, 0xe8, 0xff,
    0xf8, 0xfc, 0xf8, 0xff, 0xf8, 0xfc, 0xf8, 0xff, 0xf8, 0xfc, 0xf8, 0xff,
    0xf8, 0xfc, 0xf8, 0xff, 0xf8, 0xf0, 0xe0, 0xff, 0xf0, 0x80, 0x30, 0xff,
    0xf8, 0xb4, 0x88, 0xff, 0xf8, 0xfc, 0xf8, 0xff, 0xf8, 0xfc, 0xf8, 0xff,
    0xf8, 0xfc, 0xf8, 0xff, 0xf8, 0xfc, 0xf8, 0xff, 0xf8, 0xfc, 0xf8, 0xff,
    0xf8, 0xfc, 0xf8, 0xff, 0xf8, 0xfc, 0xf8, 0xff, 0xf8, 0xc0, 0x98, 0xff,
    0xf8, 0xa0, 0x68, 0xff, 0xf8, 0x78, 0x28, 0xff, 0xf0, 0x74, 0x18, 0xff,
    0xf0, 0x74, 0x18, 0xff, 0xf0, 0x74, 0x20, 0xff, 0xf0, 0x74, 0x18, 0xff,
    0xf0, 0x70, 0x20, 0xff, 0xf0, 0x74, 0x18, 0xff, 0xf0, 0x74, 0x20, 0xff,
    0xf0, 0x70, 0x18, 0xff, 0xf0, 0x74, 0x20, 0xff, 0xf0, 0x74, 0x20, 0xff,
    0xf0, 0x74, 0x18, 0xff, 0xf8, 0x74, 0x18, 0xff, 0xf0, 0x74, 0x20, 0xff,
    0xf0, 0x74, 0x18, 0xff, 0xf8, 0x74, 0x20, 0xff, 0xf0, 0x70, 0x18, 0xff,
    0xf0, 0x74, 0x18, 0xff, 0xf8, 0x74, 0x20, 0xff, 0xf0, 0x74, 0x18, 0xff,
    0xf0, 0x74, 0x20, 0xff, 0xf0, 0x70, 0x18, 0xff, 0xf0, 0x74, 0x18, 0xff,
    0xf0, 0x74, 0x20, 0xff, 0xf0, 0x74, 0x18, 0xff, 0x90, 0x44, 0x10, 0x49,
    0x30, 0x18, 0x08, 0x24, 0xf0, 0x74, 0x18, 0xef, 0xf0, 0x74, 0x18, 0xff,
    0xf0, 0x70, 0x20, 0xff, 0xf0, 0x74, 0x18, 0xff, 0xf0, 0x74, 0x20, 0xff,
    0xf0, 0x70, 0x18, 0xff, 0xf0, 0x74, 0x18, 0xff, 0xf0, 0x74, 0x20, 0xff,
    0xf8, 0x74, 0x20, 0xff, 0xf0, 0x74, 0x18, 0xff, 0xf0, 0x74, 0x18, 0xff,
    0xf0, 0x70, 0x20, 0xff, 0xf0, 0x74, 0x18, 0xff, 0xf0, 0x74, 0x18, 0xff,
    0xf0, 0x70, 0x20, 0xff, 0xf0, 0x74, 0x18, 0xff, 0xf0, 0x74, 0x18, 0xff,
    0xf0, 0x70, 0x20, 0xff, 0xf0, 0x74, 0x18, 0xff, 0xf0, 0x74, 0x18, 0xff,
    0xf0, 0x70, 0x20, 0xff, 0xf0, 0x74, 0x18, 0xff, 0xf0, 0x74, 0x18, 0xff,
    0xf8, 0xa4, 0x70, 0xff, 0xf8, 0xf8, 0xf0, 0xff, 0xf8, 0xfc, 0xf8, 0xff,
    0xf8, 0xfc, 0xf8, 0xff, 0xf8, 0xfc, 0xf8, 0xff, 0xf8, 0xfc, 0xf8, 0xff,
    0xf8, 0xfc, 0xf8, 0xff, 0xf8, 0xfc, 0xf8, 0xff, 0xf8, 0xfc, 0xf8, 0xff,
    0xf8, 0xec, 0xe0, 0xff, 0xf8, 0x94, 0x50, 0xff, 0xf0, 0x74, 0x18, 0xff,
    0xf0, 0x80, 0x30, 0xff, 0xf8, 0xf0, 0xe8, 0xff, 0xf8, 0xfc, 0xf8, 0xff,
    0xf8, 0xfc, 0xf8, 0xff, 0xf8, 0xfc, 0xf8, 0xff, 0xf8, 0xfc, 0xf8, 0xff,
    0xf8, 0xec, 0xe0, 0xff, 0xf0, 0x80, 0x30, 0xff, 0xf0, 0x74, 0x18, 0xff,
    0xf8, 0x9c, 0x60, 0xff, 0xf8, 0xf0, 0xe8, 0xff, 0xf8, 0xfc, 0xf8, 0xff,
    0xf8, 0xfc, 0xf8, 0xff, 0xf8, 0xfc, 0xf8, 0xff, 0xf8, 0xec, 0xe0, 0xff,
    0xf8, 0xb4, 0x80, 0xff, 0xf8, 0xac, 0x78, 0xff, 0xf8, 0xac, 0x78, 0xff,
    0xf8, 0xa4, 0x70, 0xff, 0xf8, 0x84, 0x38, 0xff, 0xf0, 0x74, 0x18, 0xff,
    0xf0, 0x70, 0x20, 0xff, 0xf8, 0x74, 0x18, 0xff, 0xf0, 0x74, 0x18, 0xff,
    0xf0, 0x74, 0x20, 0xff, 0xf0, 0x70, 0x18, 0xff, 0xf0, 0x74, 0x18, 0xff,
    0xf0, 0x74, 0x18, 0xff, 0xf0, 0x70, 0x20, 0xff, 0xf0, 0x74, 0x18, 0xff,
    0xf0, 0x74, 0x18, 0xff, 0xf0, 0x70, 0x20, 0xff, 0xf0, 0x74, 0x18, 0xff,
    0xf0, 0x74, 0x18, 0xff, 0xf0, 0x74, 0x20, 0xff, 0xf0, 0x74, 0x18, 0xff,
    0xf0, 0x70, 0x18, 0xff, 0xf0, 0x74, 0x20, 0xff, 0xf0, 0x74, 0x18, 0xff,
    0xf0, 0x74, 0x18, 0xff, 0xf0, 0x74, 0x20, 0xff, 0xf8, 0x74, 0x18, 0xff,
    0xf0, 0x74, 0x20, 0xef, 0x30, 0x18, 0x08, 0x24, 0x20, 0x0c, 0x00, 0x08,
    0xe0, 0x68, 0x18, 0xd7, 0xf0, 0x74, 0x20, 0xff, 0xf0, 0x74, 0x18, 0xff,
    0xf0, 0x74, 0x18, 0xff, 0xf0, 0x74, 0x20, 0xff, 0xf0, 0x74, 0x18, 0xff,
    0xf0, 0x74, 0x18, 0xff, 0xf0, 0x70, 0x20, 0xff, 0xf0, 0x70, 0x18, 0xff,
    0xf0, 0x74, 0x18, 0xff, 0xf0, 0x74, 0x20, 0xff, 0xf0, 0x74, 0x18, 0xff,
    0xf0, 0x74, 0x18, 0xff, 0xf8, 0x74, 0x20, 0xff, 0xf0, 0x74, 0x18, 0xff,
    0xf0, 0x74, 0x18, 0xff, 0xf8, 0x74, 0x20, 0xff, 0xf0, 0x74, 0x18, 0xff,
    0xf0, 0x74, 0x20, 0xff, 0xf8, 0x74, 0x18, 0xff, 0xf0, 0x74, 0x20, 0xff,
    0xf0, 0x74, 0x18, 0xff, 0xf8, 0xac, 0x78, 0xff, 0xf8, 0xfc, 0xf8, 0xff,
    0xf8, 0xfc, 0xf8, 0xff, 0xf8, 0xfc, 0xf8, 0xff, 0xf8, 0xfc, 0xf8, 0xff,
    0xf8, 0xfc, 0xf8, 0xff, 0xf8, 0xfc, 0xf8, 0xff, 0xf8, 0xfc, 0xf8, 0xff,
    0xf8, 0xfc, 0xf8, 0xff, 0xf8, 0xe0, 0xd0, 0xff, 0xf0, 0x88, 0x40, 0xff,
    0xf0, 0x74, 0x18, 0xff, 0xf0, 0x74, 0x18, 0xff, 0xf0, 0x80, 0x30, 0xff,
    0xf8, 0xf0, 0xe8, 0xff, 0xf8, 0xfc, 0xf8, 0xff, 0xf8, 0xfc, 0xf8, 0xff,
    0xf8, 0xfc, 0xf8, 0xff, 0xf8, 0xfc, 0xf8, 0xff, 0xf8, 0xec, 0xe8, 0xff,
    0xf0, 0x80, 0x30, 0xff, 0xf0, 0x74, 0x18, 0xff, 0xf0, 0x74, 0x18, 0xff,
    0xf0, 0x8c, 0x48, 0xff, 0xf8, 0xe8, 0xd8, 0xff, 0xf8, 0xfc, 0xf8, 0xff,
    0xf8, 0xec, 0xe0, 0xff, 0xf8, 0xb4, 0x80, 0xff, 0xf8, 0xac, 0x78, 0xff,
    0xf8, 0xac, 0x78, 0xff, 0xf8, 0xac, 0x78, 0xff, 0xf8, 0xac, 0x78, 0xff,
    0xf8, 0xa8, 0x70, 0xff, 0xf0, 0x88, 0x40, 0xff, 0xf0, 0x74, 0x18, 0xff,
    0xf0, 0x70, 0x18, 0xff, 0xf0, 0x74, 0x20, 0xff, 0xf0, 0x74, 0x18, 0xff,
    0xf8, 0x74, 0x18, 0xff, 0xf0, 0x74, 0x20, 0xff, 0xf0, 0x70, 0x18, 0xff,
    0xf8, 0x74, 0x18, 0xff, 0xf0, 0x74, 0x20, 0xff, 0xf0, 0x70, 0x18, 0xff,
    0xf0, 0x74, 0x18, 0xff, 0xf0, 0x74, 0x20, 0xff, 0xf0, 0x70, 0x18, 0xff,
    0xf0, 0x74, 0x20, 0xff, 0xf0, 0x74, 0x18, 0xff, 0xf0, 0x70, 0x18, 0xff,
    0xf0, 0x74, 0x20, 0xff, 0xf8, 0x74, 0x18, 0xff, 0xf0, 0x70, 0x20, 0xff,
    0xf0, 0x74, 0x18, 0xff, 0xf0, 0x70, 0x18, 0xff, 0xe0, 0x68, 0x18, 0xd7,
    0x20, 0x0c, 0x00, 0x08, 0x00, 0x00, 0x00, 0x00, 0xc0, 0x5c, 0x18, 0x96,
    0xf0, 0x74, 0x18, 0xff, 0xf0, 0x74, 0x18, 0xff, 0xf8, 0x70, 0x20, 0xff,
    0xf0, 0x74, 0x18, 0xff, 0xf0, 0x74, 0x20, 0xff, 0xf8, 0x74, 0x18, 0xff,
    0xf0, 0x74, 0x18, 0xff, 0xf0, 0x74, 0x20, 0xff, 0xf0, 0x70, 0x18, 0xff,
    0xf8, 0x74, 0x18, 0xff, 0xf0, 0x74, 0x20, 0xff, 0xf0, 0x70, 0x18, 0xff,
    0xf0, 0x70, 0x20, 0xff, 0xf0, 0x74, 0x18, 0xff, 0xf0, 0x70, 0x18, 0xff,
    0xf0, 0x74, 0x20, 0xff, 0xf0, 0x70, 0x18, 0xff, 0xf0, 0x74, 0x18, 0xff,
    0xf0, 0x70, 0x20, 0xff, 0xf0, 0x74, 0x18, 0xff, 0xf8, 0x88, 0x40, 0xff,
    0xf8, 0xf8, 0xf8, 0xff, 0xf8, 0xfc, 0xf8, 0xff, 0xf8, 0xfc, 0xf8, 0xff,
    0xf8, 0xfc, 0xf8, 0xff, 0xf8, 0xfc, 0xf8, 0xff, 0xf8, 0xfc, 0xf8, 0xff,
    0xf8, 0xfc, 0xf8, 0xff, 0xf8, 0xfc, 0xf8, 0xff, 0xf8, 0xcc, 0xa8, 0xff,
    0xf0, 0x78, 0x20, 0xff, 0xf0, 0x74, 0x20, 0xff, 0xf0, 0x74, 0x18, 0xff,
    0xf0, 0x74, 0x20, 0xff, 0xf8, 0x80, 0x30, 0xff, 0xf8, 0xf0, 0xe8, 0xff,
    0xf8, 0xfc, 0xf8, 0xff, 0xf8, 0xfc, 0xf8, 0xff, 0xf8, 0xfc, 0xf8, 0xff,
    0xf8, 0xfc, 0xf8, 0xff, 0xf8, 0xf0, 0xe0, 0xff, 0xf8, 0x7c, 0x28, 0xff,
    0xf0, 0x74, 0x18, 0xff, 0xf0, 0x74, 0x18, 0xff, 0xf0, 0x74, 0x18, 0xff,
    0xf0, 0x7c, 0x28, 0xff, 0xf8, 0xc4, 0xa0, 0xff, 0xf8, 0xac, 0x78, 0xff,
    0xf8, 0xac, 0x78, 0xff, 0xf8, 0xac, 0x78, 0xff, 0xf8, 0xa8, 0x78, 0xff,
    0xf8, 0xac, 0x70, 0xff, 0xf8, 0xac, 0x78, 0xff, 0xf8, 0xac, 0x78, 0xff,
    0xf8, 0xa8, 0x70, 0xff, 0xf0, 0x78, 0x28, 0xff, 0xf0, 0x74, 0x18, 0xff,
    0xf0, 0x74, 0x20, 0xff, 0xf0, 0x70, 0x18, 0xff, 0xf0, 0x74, 0x18, 0xff,
    0xf0, 0x74, 0x20, 0xff, 0xf0, 0x74, 0x20, 0xff, 0xf0, 0x74, 0x18, 0xff,
    0xf0, 0x74, 0x20, 0xff, 0xf8, 0x74, 0x18, 0xff, 0xf0, 0x74, 0x18, 0xff,
    0xf0, 0x74, 0x20, 0xff, 0xf8, 0x70, 0x18, 0xff, 0xf0, 0x74, 0x18, 0xff,
    0xf0, 0x74, 0x20, 0xff, 0xf0, 0x74, 0x18, 0xff, 0xf0, 0x74, 0x18, 0xff,
    0xf0, 0x70, 0x20, 0xff, 0xf0, 0x74, 0x18, 0xff, 0xf0, 0x74, 0x18, 0xff,
    0xf0, 0x74, 0x20, 0xff, 0xc0, 0x5c, 0x18, 0x96, 0x00, 0x00, 0x00, 0x00,
    0x00, 0x00, 0x00, 0x00, 0x78, 0x38, 0x10, 0x51, 0xf0, 0x74, 0x18, 0xff,
    0xf0, 0x70, 0x20, 0xff, 0xf0, 0x74, 0x18, 0xff, 0xf0, 0x70, 0x18, 0xff,
    0xf0, 0x74, 0x20, 0xff, 0xf0, 0x70, 0x18, 0xff, 0xf0, 0x74, 0x18, 0xff,
    0xf0, 0x74, 0x20, 0xff, 0xf0, 0x74, 0x18, 0xff, 0xf0, 0x70, 0x20, 0xff,
    0xf0, 0x74, 0x18, 0xff, 0xf0, 0x74, 0x18, 0xff, 0xf0, 0x74, 0x20, 0xff,
    0xf0, 0x74, 0x18, 0xff, 0xf0, 0x74, 0x20, 0xff, 0xf0, 0x70, 0x18, 0xff,
    0xf0, 0x74, 0x18, 0xff, 0xf0, 0x74, 0x20, 0xff, 0xf0, 0x74, 0x18, 0xff,
    0xf0, 0x70, 0x18, 0xff, 0xf8, 0xa0, 0x60, 0xff, 0xf8, 0xfc, 0xf8, 0xff,
    0xf8, 0xfc, 0xf8, 0xff, 0xf8, 0xfc, 0xf8, 0xff, 0xf8, 0xfc, 0xf8, 0xff,
    0xf8, 0xfc, 0xf8, 0xff, 0xf8, 0xfc, 0xf8, 0xff, 0xf8, 0xfc, 0xf8, 0xff,
    0xf8, 0xb4, 0x80, 0xff, 0xf0, 0x78, 0x20, 0xff, 0xf0, 0x74, 0x18, 0xff,
    0xf0, 0x74, 0x18, 0xff, 0xf0, 0x74, 0x20, 0xff, 0xf0, 0x74, 0x18, 0xff,
    0xf0, 0x80, 0x30, 0xff, 0xf8, 0xf0, 0xe8, 0xff, 0xf8, 0xfc, 0xf8, 0xff,
    0xf8, 0xfc, 0xf8, 0xff, 0xf8, 0xfc, 0xf8, 0xff, 0xf8, 0xfc, 0xf8, 0xff,
    0xf8, 0xf0, 0xe0, 0xff, 0xf0, 0x7c, 0x30, 0xff, 0xf0, 0x74, 0x20, 0xff,
    0xf0, 0x74, 0x20, 0xff, 0xf0, 0x70, 0x18, 0xff, 0xf0, 0x74, 0x18, 0xff,
    0xf0, 0x74, 0x20, 0xff, 0xf8, 0x98, 0x58, 0xff, 0xf8, 0xac, 0x78, 0xff,
    0xf8, 0xac, 0x78, 0xff, 0xf8, 0xa8, 0x78, 0xff, 0xf8, 0xac, 0x70, 0xff,
    0xf8, 0xa8, 0x78, 0xff, 0xf8, 0xac, 0x78, 0xff, 0xf8, 0xac, 0x78, 0xff,
    0xf8, 0x80, 0x30, 0xff, 0xf0, 0x74, 0x18, 0xff, 0xf0, 0x74, 0x18, 0xff,
    0xf0, 0x70, 0x20, 0xff, 0xf0, 0x74, 0x18, 0xff, 0xf8, 0x74, 0x18, 0xff,
    0xf0, 0x70, 0x18, 0xff, 0xf0, 0x70, 0x18, 0xff, 0xf0, 0x74, 0x20, 0xff,
    0xf0, 0x70, 0x18, 0xff, 0xf0, 0x74, 0x20, 0xff, 0xf0, 0x74, 0x18, 0xff,
    0xf0, 0x74, 0x18, 0xff, 0xf0, 0x70, 0x20, 0xff, 0xf8, 0x74, 0x18, 0xff,
    0xf0, 0x74, 0x20, 0xff, 0xf0, 0x70, 0x18, 0xff, 0xf0, 0x74, 0x18, 0xff,
    0xf0, 0x74, 0x20, 0xff, 0xf8, 0x74, 0x18, 0xff, 0xf0, 0x74, 0x18, 0xff,
    0x70, 0x38, 0x10, 0x51, 0x00, 0x00, 0x00, 0x00, 0x00, 0x00, 0x00, 0x00,
    0x28, 0x14, 0x00, 0x08, 0xf0, 0x74, 0x20, 0xf3, 0xf0, 0x74, 0x18, 0xff,
    0xf0, 0x74, 0x18, 0xff, 0xf0, 0x74, 0x20, 0xff, 0xf0, 0x74, 0x18, 0xff,
    0xf0, 0x74, 0x20, 0xff, 0xf0, 0x70, 0x18, 0xff, 0xf8, 0x74, 0x18, 0xff,
    0xf0, 0x74, 0x20, 0xff, 0xf0, 0x74, 0x18, 0xff, 0xf0, 0x74, 0x18, 0xff,
    0xf8, 0x74, 0x20, 0xff, 0xf0, 0x70, 0x18, 0xff, 0xf0, 0x74, 0x18, 0xff,
    0xf8, 0x74, 0x20, 0xff, 0xf0, 0x74, 0x18, 0xff, 0xf0, 0x74, 0x18, 0xff,
    0xf8, 0x74, 0x20, 0xff, 0xf0, 0x74, 0x18, 0xff, 0xf0, 0x74, 0x20, 0xff,
    0xf8, 0x8c, 0x48, 0xff, 0xf8, 0xfc, 0xf8, 0xff, 0xf8, 0xfc, 0xf8, 0xff,
    0xf8, 0xfc, 0xf8, 0xff, 0xf8, 0xfc, 0xf8, 0xff, 0xf8, 0xfc, 0xf8, 0xff,
    0xf8, 0xf0, 0xe8, 0xff, 0xf8, 0x98, 0x58, 0xff, 0xf0, 0x74, 0x20, 0xff,
    0xf0, 0x74, 0x20, 0xff, 0xf0, 0x74, 0x18, 0xff, 0xf0, 0x70, 0x20, 0xff,
    0xf8, 0x74, 0x18, 0xff, 0xf0, 0x74, 0x20, 0xff, 0xf0, 0x80, 0x30, 0xff,
    0xf8, 0xf4, 0xe8, 0xff, 0xf8, 0xfc, 0xf8, 0xff, 0xf8, 0xfc, 0xf8, 0xff,
    0xf8, 0xfc, 0xf8, 0xff, 0xf8, 0xfc, 0xf8, 0xff, 0xf8, 0xec, 0xe0, 0xff,
    0xf0, 0x80, 0x30, 0xff, 0xf0, 0x74, 0x18, 0xff, 0xf0, 0x70, 0x18, 0xff,
    0xf8, 0x74, 0x20, 0xff, 0xf0, 0x74, 0x20, 0xff, 0xf8, 0x8c, 0x40, 0xff,
    0xf8, 0xa8, 0x70, 0xff, 0xf8, 0xac, 0x78, 0xff, 0xf8, 0xac, 0x78, 0xff,
    0xf8, 0xac, 0x70, 0xff, 0xf8, 0xac, 0x78, 0xff, 0xf8, 0xac, 0x78, 0xff,
    0xf8, 0xa8, 0x70, 0xff, 0xf8, 0xa8, 0x70, 0xff, 0xf0, 0x7c, 0x28, 0xff,
    0xf0, 0x74, 0x18, 0xff, 0xf0, 0x74, 0x20, 0xff, 0xf0, 0x74, 0x18, 0xff,
    0xf0, 0x74, 0x20, 0xff, 0xf0, 0x74, 0x18, 0xff, 0xf0, 0x74, 0x20, 0xff,
    0xf0, 0x74, 0x18, 0xff, 0xf0, 0x74, 0x18, 0xff, 0xf0, 0x70, 0x20, 0xff,
    0xf0, 0x74, 0x18, 0xff, 0xf0, 0x74, 0x18, 0xff, 0xf0, 0x74, 0x20, 0xff,
    0xf0, 0x74, 0x18, 0xff, 0xf0, 0x70, 0x18, 0xff, 0xf0, 0x74, 0x20, 0xff,
    0xf8, 0x74, 0x18, 0xff, 0xf0, 0x74, 0x18, 0xff, 0xf0, 0x70, 0x20, 0xff,
    0xf0, 0x74, 0x18, 0xff, 0xf0, 0x70, 0x18, 0xf3, 0x28, 0x14, 0x08, 0x08,
    0x00, 0x00, 0x00, 0x00, 0x00, 0x00, 0x00, 0x00, 0x00, 0x00, 0x00, 0x00,
    0xc8, 0x60, 0x18, 0xaa, 0xf0, 0x70, 0x18, 0xff, 0xf0, 0x74, 0x20, 0xff,
    0xf8, 0x74, 0x18, 0xff, 0xf0, 0x70, 0x18, 0xff, 0xf0, 0x74, 0x20, 0xff,
    0xf0, 0x74, 0x18, 0xff, 0xf0, 0x70, 0x18, 0xff, 0xf0, 0x74, 0x20, 0xff,
    0xf0, 0x74, 0x18, 0xff, 0xf0, 0x70, 0x20, 0xff, 0xf0, 0x74, 0x18, 0xff,
    0xf0, 0x74, 0x18, 0xff, 0xf0, 0x70, 0x20, 0xff, 0xf0, 0x74, 0x18, 0xff,
    0xf0, 0x74, 0x20, 0xff, 0xf0, 0x70, 0x18, 0xff, 0xf0, 0x70, 0x18, 0xff,
    0xf0, 0x74, 0x20, 0xff, 0xf0, 0x74, 0x18, 0xff, 0xf0, 0x74, 0x20, 0xff,
    0xf8, 0xc4, 0xa0, 0xff, 0xf8, 0xfc, 0xf8, 0xff, 0xf8, 0xfc, 0xf8, 0xff,
    0xf8, 0xfc, 0xf8, 0xff, 0xf8, 0xec, 0xe0, 0xff, 0xf0, 0x88, 0x40, 0xff,
    0xf0, 0x74, 0x18, 0xff, 0xf0, 0x74, 0x18, 0xff, 0xf0, 0x74, 0x20, 0xff,
    0xf0, 0x70, 0x18, 0xff, 0xf0, 0x74, 0x18, 0xff, 0xf0, 0x74, 0x20, 0xff,
    0xf0, 0x74, 0x18, 0xff, 0xf8, 0x80, 0x30, 0xff, 0xf8, 0xf0, 0xe8, 0xff,
    0xf8, 0xfc, 0xf8, 0xff, 0xf8, 0xfc, 0xf8, 0xff, 0xf8, 0xfc, 0xf8, 0xff,
    0xf8, 0xfc, 0xf8, 0xff, 0xf8, 0xf0, 0xe8, 0xff, 0xf8, 0x7c, 0x28, 0xff,
    0xf0, 0x74, 0x18, 0xff, 0xf0, 0x74, 0x18, 0xff, 0xf0, 0x74, 0x20, 0xff,
    0xf8, 0x94, 0x50, 0xff, 0xf8, 0xa8, 0x78, 0xff, 0xf8, 0xac, 0x78, 0xff,
    0xf8, 0xac, 0x78, 0xff, 0xf8, 0xa8, 0x78, 0xff, 0xf8, 0xac, 0x78, 0xff,
    0xf0, 0xac, 0x78, 0xff, 0xf8, 0xac, 0x78, 0xff, 0xf8, 0xac, 0x78, 0xff,
    0xf0, 0x94, 0x50, 0xff, 0xf0, 0x74, 0x20, 0xff, 0xf0, 0x74, 0x18, 0xff,
    0xf0, 0x70, 0x18, 0xff, 0xf8, 0x74, 0x20, 0xff, 0xf0, 0x70, 0x18, 0xff,
    0xf0, 0x74, 0x20, 0xff, 0xf0, 0x74, 0x18, 0xff, 0xf8, 0x74, 0x20, 0xff,
    0xf0, 0x74, 0x18, 0xff, 0xf0, 0x74, 0x18, 0xff, 0xf8, 0x70, 0x20, 0xff,
    0xf0, 0x74, 0x18, 0xff, 0xf0, 0x70, 0x20, 0xff, 0xf8, 0x74, 0x18, 0xff,
    0xf0, 0x74, 0x18, 0xff, 0xf0, 0x74, 0x20, 0xff, 0xf0, 0x74, 0x18, 0xff,
    0xf0, 0x70, 0x20, 0xff, 0xf0, 0x74, 0x18, 0xff, 0xf0, 0x74, 0x20, 0xff,
    0xd0, 0x60, 0x18, 0xaa, 0x00, 0x00, 0x00, 0x00, 0x00, 0x00, 0x00, 0x00,
    0x00, 0x00, 0x00, 0x00, 0x00, 0x00, 0x00, 0x00, 0x80, 0x3c, 0x10, 0x49,
    0xf0, 0x74, 0x18, 0xfb, 0xf0, 0x74, 0x18, 0xff, 0xf0, 0x70, 0x20, 0xff,
    0xf0, 0x74, 0x18, 0xff, 0xf0, 0x74, 0x18, 0xff, 0xf8, 0x74, 0x20, 0xff,
    0xf0, 0x74, 0x20, 0xff, 0xf0, 0x70, 0x18, 0xff, 0xf0, 0x74, 0x18, 0xff,
    0xf0, 0x74, 0x20, 0xff, 0xf0, 0x74, 0x18, 0xff, 0xf0, 0x74, 0x20, 0xff,
    0xf0, 0x74, 0x18, 0xff, 0xf0, 0x70, 0x18, 0xff, 0xf8, 0x74, 0x20, 0xff,
    0xf0, 0x74, 0x18, 0xff, 0xf0, 0x74, 0x18, 0xff, 0xf0, 0x74, 0x20, 0xff,
    0xf0, 0x74, 0x18, 0xff, 0xf0, 0x74, 0x18, 0xff, 0xf0, 0x74, 0x18, 0xff,
    0xf8, 0x9c, 0x60, 0xff, 0xf8, 0xbc, 0x90, 0xff, 0xf8, 0xa4, 0x68, 0xff,
    0xf0, 0x78, 0x20, 0xff, 0xf0, 0x74, 0x20, 0xff, 0xf0, 0x74, 0x18, 0xff,
    0xf0, 0x74, 0x18, 0xff, 0xf0, 0x70, 0x20, 0xff, 0xf0, 0x74, 0x18, 0xff,
    0xf0, 0x74, 0x18, 0xff, 0xf0, 0x74, 0x20, 0xff, 0xf0, 0x74, 0x18, 0xff,
    0xf0, 0x80, 0x30, 0xff, 0xf8, 0xf0, 0xe8, 0xff, 0xf8, 0xfc, 0xf8, 0xff,
    0xf8, 0xfc, 0xf8, 0xff, 0xf8, 0xfc, 0xf8, 0xff, 0xf8, 0xfc, 0xf8, 0xff,
    0xf8, 0xf0, 0xe0, 0xff, 0xf0, 0x7c, 0x30, 0xff, 0xf0, 0x74, 0x20, 0xff,
    0xf0, 0x78, 0x28, 0xff, 0xf8, 0xa0, 0x60, 0xff, 0xf8, 0xac, 0x78, 0xff,
    0xf8, 0xac, 0x78, 0xff, 0xf8, 0xac, 0x78, 0xff, 0xf8, 0xac, 0x70, 0xff,
    0xf8, 0xa8, 0x78, 0xff, 0xf8, 0xac, 0x70, 0xff, 0xf8, 0xa8, 0x78, 0xff,
    0xf8, 0xa8, 0x70, 0xff, 0xf0, 0x90, 0x48, 0xff, 0xf0, 0x74, 0x18, 0xff,
    0xf0, 0x74, 0x18, 0xff, 0xf0, 0x70, 0x20, 0xff, 0xf0, 0x74, 0x18, 0xff,
    0xf0, 0x74, 0x18, 0xff, 0xf0, 0x70, 0x20, 0xff, 0xf0, 0x74, 0x18, 0xff,
    0xf0, 0x70, 0x18, 0xff, 0xf0, 0x70, 0x20, 0xff, 0xf0, 0x74, 0x18, 0xff,
    0xf0, 0x74, 0x18, 0xff, 0xf0, 0x74, 0x20, 0xff, 0xf0, 0x74, 0x18, 0xff,
    0xf0, 0x74, 0x18, 0xff, 0xf0, 0x70, 0x20, 0xff, 0xf0, 0x74, 0x18, 0xff,
    0xf0, 0x74, 0x18, 0xff, 0xf0, 0x70, 0x20, 0xff, 0xf0, 0x74, 0x18, 0xff,
    0xf0, 0x74, 0x18, 0xff, 0xf0, 0x74, 0x18, 0xfb, 0x80, 0x3c, 0x10, 0x49,
    0x00, 0x00, 0x00, 0x00, 0x00, 0x00, 0x00, 0x00, 0x00, 0x00, 0x00, 0x00,
    0x00, 0x00, 0x00, 0x00, 0x20, 0x0c, 0x00, 0x0c, 0xe0, 0x68, 0x18, 0xd3,
    0xf0, 0x74, 0x20, 0xff, 0xf0, 0x74, 0x18, 0xff, 0xf0, 0x74, 0x20, 0xff,
    0xf0, 0x70, 0x18, 0xff, 0xf0, 0x74, 0x18, 0xff, 0xf0, 0x74, 0x20, 0xff,
    0xf0, 0x74, 0x18, 0xff, 0xf8, 0x70, 0x18, 0xff, 0xf0, 0x74, 0x20, 0xff,
    0xf0, 0x70, 0x18, 0xff, 0xf8, 0x74, 0x18, 0xff, 0xf0, 0x74, 0x20, 0xff,
    0xf0, 0x74, 0x18, 0xff, 0xf0, 0x74, 0x18, 0xff, 0xf0, 0x74, 0x20, 0xff,
    0xf0, 0x70, 0x18, 0xff, 0xf8, 0x74, 0x18, 0xff, 0xf0, 0x70, 0x20, 0xff,
    0xf0, 0x74, 0x18, 0xff, 0xf0, 0x74, 0x20, 0xff, 0xf0, 0x74, 0x18, 0xff,
    0xf0, 0x74, 0x20, 0xff, 0xf0, 0x74, 0x18, 0xff, 0xf0, 0x70, 0x18, 0xff,
    0xf0, 0x74, 0x20, 0xff, 0xf0, 0x74, 0x18, 0xff, 0xf0, 0x70, 0x18, 0xff,
    0xf8, 0x74, 0x20, 0xff, 0xf0, 0x74, 0x18, 0xff, 0xf0, 0x70, 0x18, 0xff,
    0xf8, 0x74, 0x20, 0xff, 0xf0, 0x74, 0x20, 0xff, 0xf0, 0x80, 0x30, 0xff,
    0xf8, 0xf0, 0xe8, 0xff, 0xf8, 0xfc, 0xf8, 0xff, 0xf8, 0xfc, 0xf8, 0xff,
    0xf8, 0xfc, 0xf8, 0xff, 0xf8, 0xfc, 0xf8, 0xff, 0xf8, 0xec, 0xe0, 0xff,
    0xf0, 0x80, 0x30, 0xff, 0xf8, 0x80, 0x30, 0xff, 0xf8, 0xa4, 0x68, 0xff,
    0xf8, 0xac, 0x78, 0xff, 0xf8, 0xac, 0x78, 0xff, 0xf8, 0xa8, 0x78, 0xff,
    0xf8, 0xac, 0x70, 0xff, 0xf0, 0xac, 0x78, 0xff, 0xf8, 0xac, 0x78, 0xff,
    0xf8, 0xac, 0x78, 0xff, 0xf8, 0xa8, 0x70, 0xff, 0xf0, 0x88, 0x38, 0xff,
    0xf0, 0x74, 0x20, 0xff, 0xf0, 0x74, 0x18, 0xff, 0xf0, 0x74, 0x18, 0xff,
    0xf0, 0x74, 0x20, 0xff, 0xf0, 0x74, 0x18, 0xff, 0xf0, 0x74, 0x18, 0xff,
    0xf8, 0x74, 0x20, 0xff, 0xf0, 0x74, 0x18, 0xff, 0xf0, 0x74, 0x18, 0xff,
    0xf0, 0x74, 0x20, 0xff, 0xf0, 0x70, 0x18, 0xff, 0xf8, 0x74, 0x20, 0xff,
    0xf0, 0x74, 0x18, 0xff, 0xf0, 0x70, 0x18, 0xff, 0xf0, 0x74, 0x20, 0xff,
    0xf0, 0x74, 0x20, 0xff, 0xf0, 0x74, 0x18, 0xff, 0xf8, 0x70, 0x18, 0xff,
    0xf0, 0x74, 0x20, 0xff, 0xf0, 0x74, 0x18, 0xff, 0xf0, 0x70, 0x20, 0xff,
    0xe0, 0x68, 0x18, 0xd3, 0x20, 0x0c, 0x00, 0x0c, 0x00, 0x00, 0x00, 0x00,
    0x00, 0x00, 0x00, 0x00, 0x00, 0x00, 0x00, 0x00, 0x00, 0x00, 0x00, 0x00,
    0x00, 0x00, 0x00, 0x00, 0xb0, 0x50, 0x18, 0x71, 0xf0, 0x74, 0x18, 0xff,
    0xf0, 0x74, 0x18, 0xff, 0xf0, 0x74, 0x20, 0xff, 0xf8, 0x70, 0x18, 0xff,
    0xf0, 0x74, 0x18, 0xff, 0xf0, 0x74, 0x20, 0xff, 0xf0, 0x74, 0x18, 0xff,
    0xf0, 0x74, 0x18, 0xff, 0xf0, 0x74, 0x20, 0xff, 0xf0, 0x70, 0x18, 0xff,
    0xf0, 0x74, 0x18, 0xff, 0xf0, 0x74, 0x20, 0xff, 0xf0, 0x70, 0x18, 0xff,
    0xf0, 0x74, 0x20, 0xff, 0xf0, 0x74, 0x20, 0xff, 0xf0, 0x70, 0x18, 0xff,
    0xf0, 0x74, 0x18, 0xff, 0xf0, 0x74, 0x20, 0xff, 0xf0, 0x70, 0x18, 0xff,
    0xf0, 0x74, 0x18, 0xff, 0xf0, 0x70, 0x20, 0xff, 0xf0, 0x74, 0x18, 0xff,
    0xf0, 0x74, 0x20, 0xff, 0xf0, 0x70, 0x18, 0xff, 0xf0, 0x74, 0x18, 0xff,
    0xf0, 0x74, 0x20, 0xff, 0xf0, 0x74, 0x18, 0xff, 0xf0, 0x74, 0x20, 0xff,
    0xf0, 0x74, 0x18, 0xff, 0xf0, 0x70, 0x18, 0xff, 0xf0, 0x74, 0x20, 0xff,
    0xf0, 0x74, 0x18, 0xff, 0xf8, 0x80, 0x30, 0xff, 0xf8, 0xf0, 0xe8, 0xff,
    0xf8, 0xfc, 0xf8, 0xff, 0xf8, 0xfc, 0xf8, 0xff, 0xf8, 0xfc, 0xf8, 0xff,
    0xf8, 0xfc, 0xf8, 0xff, 0xf8, 0xf0, 0xe8, 0xff, 0xf8, 0xac, 0x78, 0xff,
    0xf8, 0xa8, 0x70, 0xff, 0xf8, 0xac, 0x78, 0xff, 0xf8, 0xac, 0x78, 0xff,
    0xf8, 0xac, 0x78, 0xff, 0xf8, 0xa8, 0x70, 0xff, 0xf8, 0xac, 0x78, 0xff,
    0xf8, 0xac, 0x78, 0xff, 0xf8, 0xa8, 0x78, 0xff, 0xf0, 0xa0, 0x68, 0xff,
    0xf0, 0x7c, 0x28, 0xff, 0xf0, 0x74, 0x18, 0xff, 0xf0, 0x74, 0x20, 0xff,
    0xf0, 0x70, 0x18, 0xff, 0xf0, 0x74, 0x20, 0xff, 0xf0, 0x70, 0x18, 0xff,
    0xf0, 0x74, 0x20, 0xff, 0xf0, 0x70, 0x18, 0xff, 0xf0, 0x74, 0x18, 0xff,
    0xf0, 0x74, 0x20, 0xff, 0xf8, 0x74, 0x18, 0xff, 0xf0, 0x74, 0x18, 0xff,
    0xf0, 0x74, 0x20, 0xff, 0xf0, 0x70, 0x18, 0xff, 0xf0, 0x74, 0x18, 0xff,
    0xf0, 0x74, 0x20, 0xff, 0xf8, 0x70, 0x18, 0xff, 0xf0, 0x74, 0x18, 0xff,
    0xf0, 0x74, 0x20, 0xff, 0xf0, 0x74, 0x18, 0xff, 0xf0, 0x74, 0x18, 0xff,
    0xf0, 0x74, 0x20, 0xff, 0xf0, 0x74, 0x18, 0xff, 0xb0, 0x50, 0x18, 0x71,
    0x00, 0x00, 0x00, 0x00, 0x00, 0x00, 0x00, 0x00, 0x00, 0x00, 0x00, 0x00,
    0x00, 0x00, 0x00, 0x00, 0x00, 0x00, 0x00, 0x00, 0x00, 0x00, 0x00, 0x00,
    0x38, 0x1c, 0x08, 0x0c, 0xf0, 0x74, 0x18, 0xef, 0xf0, 0x74, 0x18, 0xff,
    0xf0, 0x70, 0x20, 0xff, 0xf0, 0x74, 0x18, 0xff, 0xf0, 0x74, 0x18, 0xff,
    0xf0, 0x70, 0x20, 0xff, 0xf8, 0x70, 0x18, 0xff, 0xf0, 0x74, 0x18, 0xff,
    0xf0, 0x74, 0x20, 0xff, 0xf0, 0x74, 0x18, 0xff, 0xf0, 0x74, 0x20, 0xff,
    0xf8, 0x70, 0x18, 0xff, 0xf0, 0x74, 0x18, 0xff, 0xf0, 0x74, 0x18, 0xff,
    0xf8, 0x74, 0x20, 0xff, 0xf0, 0x74, 0x18, 0xff, 0xf0, 0x74, 0x20, 0xff,
    0xf0, 0x74, 0x18, 0xff, 0xf0, 0x74, 0x18, 0xff, 0xf0, 0x74, 0x20, 0xff,
    0xf0, 0x70, 0x18, 0xff, 0xf0, 0x74, 0x18, 0xff, 0xf0, 0x74, 0x20, 0xff,
    0xf0, 0x74, 0x18, 0xff, 0xf8, 0x70, 0x18, 0xff, 0xf0, 0x74, 0x20, 0xff,
    0xf0, 0x74, 0x18, 0xff, 0xf0, 0x70, 0x18, 0xff, 0xf0, 0x74, 0x20, 0xff,
    0xf0, 0x74, 0x18, 0xff, 0xf0, 0x74, 0x18, 0xff, 0xf0, 0x74, 0x20, 0xff,
    0xf0, 0x80, 0x30, 0xff, 0xf8, 0xf0, 0xe8, 0xff, 0xf8, 0xfc, 0xf8, 0xff,
    0xf8, 0xfc, 0xf8, 0xff, 0xf8, 0xfc, 0xf8, 0xff, 0xf8, 0xfc, 0xf8, 0xff,
    0xf8, 0xfc, 0xf8, 0xff, 0xf8, 0xd0, 0xb0, 0xff, 0xf8, 0xac, 0x78, 0xff,
    0xf8, 0xac, 0x78, 0xff, 0xf8, 0xa8, 0x78, 0xff, 0xf8, 0xac, 0x70, 0xff,
    0xf8, 0xac, 0x78, 0xff, 0xf8, 0xac, 0x78, 0xff, 0xf8, 0xac, 0x70, 0xff,
    0xf0, 0x9c, 0x60, 0xff, 0xf0, 0x78, 0x20, 0xff, 0xf0, 0x74, 0x18, 0xff,
    0xf0, 0x74, 0x18, 0xff, 0xf0, 0x74, 0x18, 0xff, 0xf0, 0x74, 0x20, 0xff,
    0xf0, 0x70, 0x18, 0xff, 0xf8, 0x74, 0x18, 0xff, 0xf0, 0x74, 0x20, 0xff,
    0xf0, 0x74, 0x18, 0xff, 0xf0, 0x70, 0x20, 0xff, 0xf0, 0x70, 0x18, 0xff,
    0xf0, 0x74, 0x20, 0xff, 0xf0, 0x74, 0x18, 0xff, 0xf0, 0x70, 0x18, 0xff,
    0xf0, 0x74, 0x20, 0xff, 0xf0, 0x74, 0x18, 0xff, 0xf0, 0x74, 0x20, 0xff,
    0xf0, 0x74, 0x18, 0xff, 0xf0, 0x70, 0x18, 0xff, 0xf0, 0x74, 0x20, 0xff,
    0xf0, 0x74, 0x18, 0xff, 0xf8, 0x70, 0x18, 0xff, 0xf0, 0x74, 0x20, 0xff,
    0xf0, 0x74, 0x18, 0xeb, 0x38, 0x1c, 0x08, 0x10, 0x00, 0x00, 0x00, 0x00,
    0x00, 0x00, 0x00, 0x00, 0x00, 0x00, 0x00, 0x00, 0x00, 0x00, 0x00, 0x00,
    0x00, 0x00, 0x00, 0x00, 0x00, 0x00, 0x00, 0x00, 0x00, 0x00, 0x00, 0x00,
    0xb8, 0x58, 0x18, 0x75, 0xf0, 0x74, 0x18, 0xff, 0xf0, 0x74, 0x20, 0xff,
    0xf0, 0x74, 0x18, 0xff, 0xf0, 0x74, 0x20, 0xff, 0xf0, 0x74, 0x18, 0xff,
    0xf0, 0x74, 0x20, 0xff, 0xf0, 0x74, 0x18, 0xff, 0xf0, 0x70, 0x18, 0xff,
    0xf8, 0x74, 0x20, 0xff, 0xf0, 0x74, 0x18, 0xff, 0xf0, 0x74, 0x20, 0xff,
    0xf0, 0x70, 0x18, 0xff, 0xf0, 0x74, 0x18, 0xff, 0xf0, 0x70, 0x18, 0xff,
    0xf0, 0x74, 0x20, 0xff, 0xf0, 0x70, 0x18, 0xff, 0xf8, 0x74, 0x18, 0xff,
    0xf0, 0x74, 0x20, 0xff, 0xf0, 0x74, 0x20, 0xff, 0xf8, 0x74, 0x18, 0xff,
    0xf0, 0x70, 0x18, 0xff, 0xf0, 0x74, 0x20, 0xff, 0xf0, 0x74, 0x18, 0xff,
    0xf0, 0x74, 0x20, 0xff, 0xf0, 0x70, 0x18, 0xff, 0xf8, 0x74, 0x18, 0xff,
    0xf0, 0x74, 0x20, 0xff, 0xf0, 0x70, 0x20, 0xff, 0xf8, 0x74, 0x18, 0xff,
    0xf0, 0x74, 0x18, 0xff, 0xf0, 0x70, 0x20, 0xff, 0xf8, 0x80, 0x30, 0xff,
    0xf8, 0xf0, 0xe8, 0xff, 0xf8, 0xfc, 0xf8, 0xff, 0xf8, 0xfc, 0xf8, 0xff,
    0xf8, 0xfc, 0xf8, 0xff, 0xf8, 0xfc, 0xf8, 0xff, 0xf8, 0xec, 0xe0, 0xff,
    0xf8, 0xb0, 0x78, 0xff, 0xf8, 0xac, 0x78, 0xff, 0xf8, 0xac, 0x78, 0xff,
    0xf8, 0xac, 0x78, 0xff, 0xf8, 0xa8, 0x78, 0xff, 0xf0, 0xac, 0x78, 0xff,
    0xf8, 0xa8, 0x70, 0xff, 0xf0, 0x90, 0x48, 0xff, 0xf0, 0x74, 0x20, 0xff,
    0xf0, 0x74, 0x18, 0xff, 0xf0, 0x74, 0x20, 0xff, 0xf0, 0x70, 0x18, 0xff,
    0xf0, 0x74, 0x20, 0xff, 0xf0, 0x74, 0x18, 0xff, 0xf0, 0x74, 0x18, 0xff,
    0xf0, 0x74, 0x20, 0xff, 0xf0, 0x74, 0x18, 0xff, 0xf8, 0x74, 0x18, 0xff,
    0xf0, 0x74, 0x20, 0xff, 0xf0, 0x74, 0x18, 0xff, 0xf0, 0x74, 0x18, 0xff,
    0xf0, 0x70, 0x20, 0xff, 0xf8, 0x74, 0x18, 0xff, 0xf0, 0x74, 0x18, 0xff,
    0xf0, 0x70, 0x20, 0xff, 0xf8, 0x74, 0x18, 0xff, 0xf0, 0x74, 0x18, 0xff,
    0xf0, 0x74, 0x20, 0xff, 0xf0, 0x70, 0x18, 0xff, 0xf0, 0x74, 0x20, 0xff,
    0xf0, 0x74, 0x18, 0xff, 0xf0, 0x70, 0x18, 0xff, 0xb8, 0x58, 0x18, 0x75,
    0x00, 0x00, 0x00, 0x00, 0x00, 0x00, 0x00, 0x00, 0x00, 0x00, 0x00, 0x00,
    0x00, 0x00, 0x00, 0x00, 0x00, 0x00, 0x00, 0x00, 0x00, 0x00, 0x00, 0x00,
    0x00, 0x00, 0x00, 0x00, 0x00, 0x00, 0x00, 0x00, 0x30, 0x18, 0x08, 0x14,
    0xe0, 0x68, 0x18, 0xd7, 0xf0, 0x74, 0x18, 0xff, 0xf0, 0x70, 0x20, 0xff,
    0xf8, 0x74, 0x18, 0xff, 0xf0, 0x74, 0x18, 0xff, 0xf0, 0x74, 0x20, 0xff,
    0xf0, 0x70, 0x18, 0xff, 0xf0, 0x74, 0x18, 0xff, 0xf0, 0x74, 0x20, 0xff,
    0xf0, 0x70, 0x18, 0xff, 0xf0, 0x74, 0x18, 0xff, 0xf0, 0x74, 0x20, 0xff,
    0xf0, 0x74, 0x20, 0xff, 0xf0, 0x74, 0x18, 0xff, 0xf0, 0x70, 0x18, 0xff,
    0xf0, 0x74, 0x20, 0xff, 0xf0, 0x74, 0x18, 0xff, 0xf0, 0x70, 0x18, 0xff,
    0xf0, 0x74, 0x18, 0xff, 0xf0, 0x74, 0x20, 0xff, 0xf0, 0x74, 0x18, 0xff,
    0xf0, 0x70, 0x18, 0xff, 0xf8, 0x74, 0x20, 0xff, 0xf0, 0x74, 0x18, 0xff,
    0xf0, 0x74, 0x20, 0xff, 0xf0, 0x74, 0x18, 0xff, 0xf0, 0x74, 0x18, 0xff,
    0xf0, 0x74, 0x18, 0xff, 0xf0, 0x70, 0x20, 0xff, 0xf0, 0x74, 0x18, 0xff,
    0xf0, 0x74, 0x18, 0xff, 0xf0, 0x80, 0x30, 0xff, 0xf8, 0xf0, 0xe8, 0xff,
    0xf8, 0xfc, 0xf8, 0xff, 0xf8, 0xfc, 0xf8, 0xff, 0xf8, 0xfc, 0xf8, 0xff,
    0xf8, 0xfc, 0xf8, 0xff, 0xf8, 0xcc, 0xb0, 0xff, 0xf8, 0xac, 0x78, 0xff,
    0xf8, 0xac, 0x78, 0xff, 0xf8, 0xa8, 0x70, 0xff, 0xf8, 0xac, 0x78, 0xff,
    0xf8, 0xac, 0x78, 0xff, 0xf8, 0xa8, 0x70, 0xff, 0xf0, 0x88, 0x40, 0xff,
    0xf0, 0x74, 0x18, 0xff, 0xf0, 0x74, 0x18, 0xff, 0xf0, 0x74, 0x20, 0xff,
    0xf0, 0x74, 0x18, 0xff, 0xf0, 0x70, 0x18, 0xff, 0xf8, 0x74, 0x20, 0xff,
    0xf0, 0x74, 0x18, 0xff, 0xf0, 0x70, 0x18, 0xff, 0xf0, 0x74, 0x20, 0xff,
    0xf0, 0x70, 0x18, 0xff, 0xf0, 0x74, 0x18, 0xff, 0xf0, 0x74, 0x20, 0xff,
    0xf0, 0x74, 0x18, 0xff, 0xf8, 0x70, 0x18, 0xff, 0xf0, 0x74, 0x20, 0xff,
    0xf0, 0x74, 0x18, 0xff, 0xf0, 0x74, 0x18, 0xff, 0xf0, 0x74, 0x20, 0xff,
    0xf0, 0x70, 0x18, 0xff, 0xf0, 0x74, 0x20, 0xff, 0xf0, 0x74, 0x18, 0xff,
    0xf8, 0x74, 0x18, 0xff, 0xf0, 0x74, 0x20, 0xff, 0xf0, 0x74, 0x18, 0xff,
    0xe0, 0x68, 0x18, 0xd7, 0x30, 0x18, 0x08, 0x14, 0x00, 0x00, 0x00, 0x00,
    0x00, 0x00, 0x00, 0x00, 0x00, 0x00, 0x00, 0x00, 0x00, 0x00, 0x00, 0x00,
    0x00, 0x00, 0x00, 0x00, 0x00, 0x00, 0x00, 0x00, 0x00, 0x00, 0x00, 0x00,
    0x00, 0x00, 0x00, 0x00, 0x00, 0x00, 0x00, 0x00, 0x88, 0x40, 0x10, 0x55,
    0xf0, 0x74, 0x18, 0xff, 0xf0, 0x74, 0x18, 0xff, 0xf0, 0x70, 0x20, 0xff,
    0xf0, 0x74, 0x18, 0xff, 0xf0, 0x74, 0x18, 0xff, 0xf8, 0x70, 0x20, 0xff,
    0xf0, 0x74, 0x18, 0xff, 0xf0, 0x74, 0x20, 0xff, 0xf0, 0x74, 0x18, 0xff,
    0xf0, 0x70, 0x18, 0xff, 0xf8, 0x74, 0x20, 0xff, 0xf0, 0x74, 0x18, 0xff,
    0xf0, 0x74, 0x18, 0xff, 0xf8, 0x74, 0x20, 0xff, 0xf0, 0x74, 0x18, 0xff,
    0xf0, 0x74, 0x20, 0xff, 0xf0, 0x70, 0x18, 0xff, 0xf0, 0x74, 0x18, 0xff,
    0xf0, 0x74, 0x20, 0xff, 0xf0, 0x70, 0x18, 0xff, 0xf0, 0x74, 0x18, 0xff,
    0xf0, 0x74, 0x20, 0xff, 0xf0, 0x70, 0x18, 0xff, 0xf0, 0x74, 0x18, 0xff,
    0xf0, 0x70, 0x20, 0xff, 0xf0, 0x74, 0x18, 0xff, 0xf0, 0x74, 0x18, 0xff,
    0xf0, 0x74, 0x20, 0xff, 0xf0, 0x74, 0x20, 0xff, 0xf0, 0x74, 0x18, 0xff,
    0xf8, 0x80, 0x30, 0xff, 0xf8, 0xf0, 0xe8, 0xff, 0xf8, 0xfc, 0xf8, 0xff,
    0xf8, 0xfc, 0xf8, 0xff, 0xf8, 0xfc, 0xf8, 0xff, 0xf8, 0xf8, 0xf8, 0xff,
    0xf8, 0xb0, 0x78, 0xff, 0xf8, 0xac, 0x78, 0xff, 0xf8, 0xac, 0x78, 0xff,
    0xf8, 0xa8, 0x78, 0xff, 0xf8, 0xac, 0x70, 0xff, 0xf0, 0xa4, 0x68, 0xff,
    0xf0, 0x7c, 0x28, 0xff, 0xf0, 0x74, 0x18, 0xff, 0xf0, 0x74, 0x20, 0xff,
    0xf0, 0x74, 0x18, 0xff, 0xf0, 0x70, 0x18, 0xff, 0xf0, 0x74, 0x20, 0xff,
    0xf0, 0x74, 0x18, 0xff, 0xf0, 0x74, 0x18, 0xff, 0xf0, 0x70, 0x20, 0xff,
    0xf0, 0x74, 0x18, 0xff, 0xf8, 0x74, 0x20, 0xff, 0xf0, 0x70, 0x18, 0xff,
    0xf0, 0x74, 0x20, 0xff, 0xf0, 0x74, 0x18, 0xff, 0xf0, 0x70, 0x20, 0xff,
    0xf0, 0x74, 0x18, 0xff, 0xf0, 0x74, 0x20, 0xff, 0xf0, 0x70, 0x20, 0xff,
    0xf0, 0x74, 0x18, 0xff, 0xf0, 0x74, 0x18, 0xff, 0xf0, 0x74, 0x20, 0xff,
    0xf0, 0x70, 0x18, 0xff, 0xf0, 0x74, 0x18, 0xff, 0xf0, 0x74, 0x20, 0xff,
    0xf0, 0x70, 0x18, 0xff, 0xf0, 0x74, 0x20, 0xff, 0x88, 0x40, 0x10, 0x55,
    0x00, 0x00, 0x00, 0x00, 0x00, 0x00, 0x00, 0x00, 0x00, 0x00, 0x00, 0x00,
    0x00, 0x00, 0x00, 0x00, 0x00, 0x00, 0x00, 0x00, 0x00, 0x00, 0x00, 0x00,
    0x00, 0x00, 0x00, 0x00, 0x00, 0x00, 0x00, 0x00, 0x00, 0x00, 0x00, 0x00,
    0x00, 0x00, 0x00, 0x00, 0x18, 0x08, 0x00, 0x04, 0xc8, 0x60, 0x18, 0xba,
    0xf0, 0x74, 0x20, 0xff, 0xf0, 0x74, 0x18, 0xff, 0xf0, 0x70, 0x18, 0xff,
    0xf0, 0x74, 0x20, 0xff, 0xf0, 0x74, 0x18, 0xff, 0xf0, 0x74, 0x18, 0xff,
    0xf0, 0x74, 0x20, 0xff, 0xf0, 0x74, 0x18, 0xff, 0xf0, 0x74, 0x18, 0xff,
    0xf0, 0x70, 0x20, 0xff, 0xf0, 0x74, 0x18, 0xff, 0xf0, 0x70, 0x18, 0xff,
    0xf0, 0x74, 0x20, 0xff, 0xf0, 0x74, 0x18, 0xff, 0xf8, 0x70, 0x18, 0xff,
    0xf0, 0x74, 0x20, 0xff, 0xf0, 0x74, 0x20, 0xff, 0xf8, 0x74, 0x18, 0xff,
    0xf0, 0x74, 0x18, 0xff, 0xf0, 0x74, 0x20, 0xff, 0xf0, 0x74, 0x18, 0xff,
    0xf0, 0x74, 0x18, 0xff, 0xf0, 0x70, 0x20, 0xff, 0xf8, 0x74, 0x20, 0xff,
    0xf0, 0x74, 0x18, 0xff, 0xf0, 0x70, 0x18, 0xff, 0xf8, 0x74, 0x20, 0xff,
    0xf0, 0x74, 0x18, 0xff, 0xf0, 0x74, 0x20, 0xff, 0xf0, 0x80, 0x30, 0xff,
    0xf8, 0xf0, 0xe8, 0xff, 0xf8, 0xfc, 0xf8, 0xff, 0xf8, 0xfc, 0xf8, 0xff,
    0xf8, 0xfc, 0xf8, 0xff, 0xf8, 0xdc, 0xc8, 0xff, 0xf8, 0xac, 0x78, 0xff,
    0xf8, 0xac, 0x78, 0xff, 0xf8, 0xa8, 0x78, 0xff, 0xf8, 0xac, 0x78, 0xff,
    0xf0, 0x9c, 0x60, 0xff, 0xf0, 0x78, 0x28, 0xff, 0xf0, 0x74, 0x18, 0xff,
    0xf0, 0x74, 0x18, 0xff, 0xf0, 0x70, 0x20, 0xff, 0xf0, 0x74, 0x18, 0xff,
    0xf0, 0x74, 0x18, 0xff, 0xf8, 0x70, 0x20, 0xff, 0xf0, 0x74, 0x18, 0xff,
    0xf0, 0x74, 0x20, 0xff, 0xf0, 0x74, 0x18, 0xff, 0xf0, 0x74, 0x18, 0xff,
    0xf0, 0x74, 0x20, 0xff, 0xf0, 0x74, 0x18, 0xff, 0xf0, 0x70, 0x18, 0xff,
    0xf8, 0x74, 0x20, 0xff, 0xf0, 0x74, 0x18, 0xff, 0xf0, 0x74, 0x18, 0xff,
    0xf0, 0x74, 0x18, 0xff, 0xf0, 0x74, 0x20, 0xff, 0xf8, 0x70, 0x18, 0xff,
    0xf0, 0x74, 0x18, 0xff, 0xf0, 0x74, 0x20, 0xff, 0xf8, 0x74, 0x18, 0xff,
    0xf0, 0x70, 0x20, 0xff, 0xf0, 0x74, 0x18, 0xff, 0xf0, 0x74, 0x18, 0xff,
    0xd0, 0x60, 0x18, 0xba, 0x18, 0x08, 0x00, 0x04, 0x00, 0x00, 0x00, 0x00,
    0x00, 0x00, 0x00, 0x00, 0x00, 0x00, 0x00, 0x00, 0x00, 0x00, 0x00, 0x00,
    0x00, 0x00, 0x00, 0x00, 0x00, 0x00, 0x00, 0x00, 0x00, 0x00, 0x00, 0x00,
    0x00, 0x00, 0x00, 0x00, 0x00, 0x00, 0x00, 0x00, 0x00, 0x00, 0x00, 0x00,
    0x00, 0x00, 0x00, 0x00, 0x50, 0x24, 0x08, 0x28, 0xe8, 0x6c, 0x18, 0xe7,
    0xf0, 0x74, 0x18, 0xff, 0xf0, 0x74, 0x20, 0xff, 0xf8, 0x74, 0x20, 0xff,
    0xf0, 0x70, 0x18, 0xff, 0xf0, 0x74, 0x18, 0xff, 0xf8, 0x70, 0x20, 0xff,
    0xf0, 0x74, 0x18, 0xff, 0xf0, 0x74, 0x20, 0xff, 0xf0, 0x74, 0x18, 0xff,
    0xf0, 0x74, 0x20, 0xff, 0xf8, 0x70, 0x18, 0xff, 0xf0, 0x74, 0x18, 0xff,
    0xf0, 0x74, 0x20, 0xff, 0xf0, 0x70, 0x18, 0xff, 0xf0, 0x74, 0x18, 0xff,
    0xf0, 0x74, 0x20, 0xff, 0xf0, 0x70, 0x18, 0xff, 0xf0, 0x74, 0x20, 0xff,
    0xf8, 0x70, 0x18, 0xff, 0xf0, 0x74, 0x18, 0xff, 0xf0, 0x74, 0x20, 0xff,
    0xf0, 0x74, 0x18, 0xff, 0xf0, 0x74, 0x18, 0xff, 0xf0, 0x74, 0x20, 0xff,
    0xf0, 0x70, 0x18, 0xff, 0xf0, 0x74, 0x18, 0xff, 0xf0, 0x74, 0x18, 0xff,
    0xf0, 0x74, 0x20, 0xff, 0xf8, 0x80, 0x30, 0xff, 0xf8, 0xf0, 0xe8, 0xff,
    0xf8, 0xfc, 0xf8, 0xff, 0xf8, 0xfc, 0xf8, 0xff, 0xf8, 0xfc, 0xf8, 0xff,
    0xf8, 0xc0, 0x98, 0xff, 0xf8, 0xac, 0x78, 0xff, 0xf8, 0xac, 0x70, 0xff,
    0xf8, 0xa8, 0x70, 0xff, 0xf0, 0x94, 0x50, 0xff, 0xf0, 0x74, 0x20, 0xff,
    0xf0, 0x74, 0x18, 0xff, 0xf0, 0x74, 0x18, 0xff, 0xf0, 0x74, 0x20, 0xff,
    0xf0, 0x74, 0x18, 0xff, 0xf0, 0x74, 0x20, 0xff, 0xf0, 0x74, 0x18, 0xff,
    0xf0, 0x74, 0x18, 0xff, 0xf0, 0x70, 0x20, 0xff, 0xf0, 0x74, 0x18, 0xff,
    0xf8, 0x74, 0x18, 0xff, 0xf0, 0x70, 0x20, 0xff, 0xf0, 0x74, 0x18, 0xff,
    0xf0, 0x74, 0x18, 0xff, 0xf0, 0x74, 0x20, 0xff, 0xf0, 0x70, 0x18, 0xff,
    0xf0, 0x74, 0x18, 0xff, 0xf0, 0x74, 0x20, 0xff, 0xf0, 0x70, 0x18, 0xff,
    0xf0, 0x74, 0x18, 0xff, 0xf0, 0x74, 0x20, 0xff, 0xf0, 0x70, 0x18, 0xff,
    0xf0, 0x74, 0x18, 0xff, 0xf0, 0x74, 0x20, 0xff, 0xf0, 0x74, 0x18, 0xff,
    0xf0, 0x70, 0x18, 0xff, 0xe8, 0x6c, 0x18, 0xe7, 0x50, 0x24, 0x08, 0x28,
    0x00, 0x00, 0x00, 0x00, 0x00, 0x00, 0x00, 0x00, 0x00, 0x00, 0x00, 0x00,
    0x00, 0x00, 0x00, 0x00, 0x00, 0x00, 0x00, 0x00, 0x00, 0x00, 0x00, 0x00,
    0x00, 0x00, 0x00, 0x00, 0x00, 0x00, 0x00, 0x00, 0x00, 0x00, 0x00, 0x00,
    0x00, 0x00, 0x00, 0x00, 0x00, 0x00, 0x00, 0x00, 0x00, 0x00, 0x00, 0x00,
    0x00, 0x00, 0x00, 0x00, 0x98, 0x48, 0x10, 0x65, 0xf0, 0x74, 0x18, 0xff,
    0xf0, 0x74, 0x20, 0xff, 0xf0, 0x74, 0x18, 0xff, 0xf0, 0x74, 0x18, 0xff,
    0xf0, 0x70, 0x20, 0xff, 0xf0, 0x74, 0x18, 0xff, 0xf0, 0x74, 0x18, 0xff,
    0xf8, 0x70, 0x20, 0xff, 0xf0, 0x74, 0x18, 0xff, 0xf0, 0x74, 0x18, 0xff,
    0xf0, 0x74, 0x20, 0xff, 0xf0, 0x74, 0x18, 0xff, 0xf0, 0x74, 0x20, 0xff,
    0xf0, 0x74, 0x18, 0xff, 0xf0, 0x74, 0x18, 0xff, 0xf0, 0x70, 0x18, 0xff,
    0xf0, 0x74, 0x20, 0xff, 0xf0, 0x74, 0x18, 0xff, 0xf0, 0x70, 0x18, 0xff,
    0xf0, 0x74, 0x20, 0xff, 0xf0, 0x74, 0x18, 0xff, 0xf8, 0x70, 0x18, 0xff,
    0xf0, 0x74, 0x20, 0xff, 0xf0, 0x74, 0x18, 0xff, 0xf0, 0x74, 0x20, 0xff,
    0xf0, 0x70, 0x18, 0xff, 0xf0, 0x74, 0x20, 0xff, 0xf0, 0x74, 0x18, 0xff,
    0xf0, 0x7c, 0x30, 0xff, 0xf8, 0xec, 0xe0, 0xff, 0xf8, 0xfc, 0xf8, 0xff,
    0xf8, 0xfc, 0xf8, 0xff, 0xf8, 0xf4, 0xf0, 0xff, 0xf8, 0xb0, 0x80, 0xff,
    0xf8, 0xac, 0x78, 0xff, 0xf8, 0xa8, 0x70, 0xff, 0xf0, 0x88, 0x40, 0xff,
    0xf0, 0x74, 0x20, 0xff, 0xf0, 0x74, 0x18, 0xff, 0xf0, 0x74, 0x18, 0xff,
    0xf0, 0x70, 0x20, 0xff, 0xf0, 0x74, 0x18, 0xff, 0xf8, 0x74, 0x18, 0xff,
    0xf0, 0x70, 0x20, 0xff, 0xf0, 0x74, 0x18, 0xff, 0xf0, 0x74, 0x18, 0xff,
    0xf0, 0x74, 0x20, 0xff, 0xf0, 0x70, 0x18, 0xff, 0xf0, 0x74, 0x20, 0xff,
    0xf0, 0x74, 0x18, 0xff, 0xf0, 0x70, 0x18, 0xff, 0xf8, 0x74, 0x20, 0xff,
    0xf0, 0x74, 0x18, 0xff, 0xf0, 0x74, 0x18, 0xff, 0xf0, 0x70, 0x20, 0xff,
    0xf8, 0x74, 0x20, 0xff, 0xf0, 0x74, 0x18, 0xff, 0xf0, 0x74, 0x18, 0xff,
    0xf0, 0x74, 0x20, 0xff, 0xf0, 0x74, 0x18, 0xff, 0xf0, 0x70, 0x18, 0xff,
    0xf0, 0x74, 0x20, 0xff, 0xf0, 0x74, 0x18, 0xff, 0xf0, 0x74, 0x20, 0xff,
    0x98, 0x48, 0x10, 0x65, 0x00, 0x00, 0x00, 0x00, 0x00, 0x00, 0x00, 0x00,
    0x00, 0x00, 0x00, 0x00, 0x00, 0x00, 0x00, 0x00, 0x00, 0x00, 0x00, 0x00,
    0x00, 0x00, 0x00, 0x00, 0x00, 0x00, 0x00, 0x00, 0x00, 0x00, 0x00, 0x00,
    0x00, 0x00, 0x00, 0x00, 0x00, 0x00, 0x00, 0x00, 0x00, 0x00, 0x00, 0x00,
    0x00, 0x00, 0x00, 0x00, 0x00, 0x00, 0x00, 0x00, 0x00, 0x00, 0x00, 0x00,
    0x00, 0x00, 0x00, 0x00, 0xb8, 0x58, 0x18, 0x96, 0xf0, 0x74, 0x18, 0xff,
    0xf0, 0x70, 0x18, 0xff, 0xf0, 0x74, 0x20, 0xff, 0xf0, 0x74, 0x18, 0xff,
    0xf0, 0x74, 0x18, 0xff, 0xf0, 0x74, 0x20, 0xff, 0xf0, 0x70, 0x18, 0xff,
    0xf0, 0x74, 0x18, 0xff, 0xf0, 0x74, 0x20, 0xff, 0xf0, 0x70, 0x18, 0xff,
    0xf0, 0x74, 0x18, 0xff, 0xf0, 0x70, 0x20, 0xff, 0xf8, 0x74, 0x20, 0xff,
    0xf0, 0x74, 0x18, 0xff, 0xf0, 0x74, 0x20, 0xff, 0xf8, 0x74, 0x18, 0xff,
    0xf0, 0x74, 0x18, 0xff, 0xf0, 0x74, 0x20, 0xff, 0xf0, 0x74, 0x20, 0xff,
    0xf0, 0x70, 0x18, 0xff, 0xf0, 0x74, 0x18, 0xff, 0xf0, 0x74, 0x20, 0xff,
    0xf0, 0x70, 0x18, 0xff, 0xf8, 0x74, 0x18, 0xff, 0xf0, 0x74, 0x20, 0xff,
    0xf0, 0x70, 0x18, 0xff, 0xf0, 0x74, 0x18, 0xff, 0xf0, 0x74, 0x18, 0xff,
    0xf8, 0xc8, 0xa8, 0xff, 0xf8, 0xfc, 0xf8, 0xff, 0xf8, 0xfc, 0xf8, 0xff,
    0xf8, 0xe8, 0xd8, 0xff, 0xf8, 0xac, 0x78, 0xff, 0xf8, 0xa4, 0x68, 0xff,
    0xf0, 0x80, 0x30, 0xff, 0xf0, 0x74, 0x18, 0xff, 0xf0, 0x74, 0x18, 0xff,
    0xf0, 0x74, 0x18, 0xff, 0xf0, 0x74, 0x20, 0xff, 0xf0, 0x74, 0x18, 0xff,
    0xf0, 0x70, 0x18, 0xff, 0xf0, 0x74, 0x20, 0xff, 0xf0, 0x74, 0x18, 0xff,
    0xf8, 0x70, 0x20, 0xff, 0xf0, 0x74, 0x18, 0xff, 0xf0, 0x74, 0x18, 0xff,
    0xf8, 0x74, 0x20, 0xff, 0xf0, 0x74, 0x18, 0xff, 0xf0, 0x74, 0x20, 0xff,
    0xf0, 0x70, 0x18, 0xff, 0xf0, 0x74, 0x20, 0xff, 0xf0, 0x74, 0x18, 0xff,
    0xf0, 0x74, 0x18, 0xff, 0xf0, 0x74, 0x20, 0xff, 0xf0, 0x70, 0x18, 0xff,
    0xf0, 0x74, 0x18, 0xff, 0xf8, 0x70, 0x20, 0xff, 0xf0, 0x74, 0x18, 0xff,
    0xf0, 0x74, 0x20, 0xff, 0xf8, 0x74, 0x18, 0xff, 0xf0, 0x70, 0x18, 0xff,
    0xf0, 0x74, 0x20, 0xff, 0xb8, 0x58, 0x18, 0x96, 0x00, 0x00, 0x00, 0x00,
    0x00, 0x00, 0x00, 0x00, 0x00, 0x00, 0x00, 0x00, 0x00, 0x00, 0x00, 0x00,
    0x00, 0x00, 0x00, 0x00, 0x00, 0x00, 0x00, 0x00, 0x00, 0x00, 0x00, 0x00,
    0x00, 0x00, 0x00, 0x00, 0x00, 0x00, 0x00, 0x00, 0x00, 0x00, 0x00, 0x00,
    0x00, 0x00, 0x00, 0x00, 0x00, 0x00, 0x00, 0x00, 0x00, 0x00, 0x00, 0x00,
    0x00, 0x00, 0x00, 0x00, 0x00, 0x00, 0x00, 0x00, 0x00, 0x00, 0x00, 0x00,
    0x30, 0x18, 0x08, 0x14, 0xe0, 0x68, 0x18, 0xc3, 0xf0, 0x74, 0x18, 0xff,
    0xf8, 0x74, 0x20, 0xff, 0xf0, 0x70, 0x18, 0xff, 0xf0, 0x74, 0x20, 0xff,
    0xf0, 0x74, 0x18, 0xff, 0xf0, 0x74, 0x18, 0xff, 0xf0, 0x70, 0x20, 0xff,
    0xf8, 0x74, 0x18, 0xff, 0xf0, 0x74, 0x18, 0xff, 0xf0, 0x70, 0x20, 0xff,
    0xf0, 0x74, 0x18, 0xff, 0xf0, 0x74, 0x18, 0xff, 0xf0, 0x70, 0x20, 0xff,
    0xf0, 0x74, 0x18, 0xff, 0xf0, 0x70, 0x18, 0xff, 0xf0, 0x74, 0x20, 0xff,
    0xf0, 0x74, 0x18, 0xff, 0xf8, 0x70, 0x18, 0xff, 0xf0, 0x74, 0x20, 0xff,
    0xf0, 0x74, 0x18, 0xff, 0xf0, 0x74, 0x18, 0xff, 0xf0, 0x70, 0x20, 0xff,
    0xf0, 0x74, 0x18, 0xff, 0xf0, 0x74, 0x18, 0xff, 0xf8, 0x74, 0x20, 0xff,
    0xf0, 0x74, 0x18, 0xff, 0xf0, 0x74, 0x20, 0xff, 0xf8, 0x80, 0x30, 0xff,
    0xf8, 0xd8, 0xc0, 0xff, 0xf8, 0xfc, 0xf8, 0xff, 0xf8, 0xe0, 0xc8, 0xff,
    0xf8, 0x9c, 0x60, 0xff, 0xf0, 0x7c, 0x28, 0xff, 0xf0, 0x74, 0x18, 0xff,
    0xf0, 0x74, 0x18, 0xff, 0xf0, 0x70, 0x20, 0xff, 0xf0, 0x74, 0x18, 0xff,
    0xf0, 0x74, 0x18, 0xff, 0xf8, 0x74, 0x20, 0xff, 0xf0, 0x74, 0x18, 0xff,
    0xf0, 0x70, 0x18, 0xff, 0xf0, 0x74, 0x20, 0xff, 0xf0, 0x74, 0x18, 0xff,
    0xf0, 0x70, 0x20, 0xff, 0xf0, 0x74, 0x18, 0xff, 0xf0, 0x70, 0x18, 0xff,
    0xf0, 0x74, 0x20, 0xff, 0xf0, 0x74, 0x18, 0xff, 0xf0, 0x74, 0x18, 0xff,
    0xf0, 0x70, 0x20, 0xff, 0xf0, 0x74, 0x18, 0xff, 0xf8, 0x74, 0x20, 0xff,
    0xf0, 0x70, 0x18, 0xff, 0xf0, 0x74, 0x18, 0xff, 0xf0, 0x74, 0x20, 0xff,
    0xf0, 0x74, 0x18, 0xff, 0xf0, 0x70, 0x18, 0xff, 0xf0, 0x74, 0x20, 0xff,
    0xf0, 0x74, 0x18, 0xff, 0xf0, 0x74, 0x18, 0xff, 0xe0, 0x68, 0x18, 0xc3,
    0x30, 0x18, 0x08, 0x14, 0x00, 0x00, 0x00, 0x00, 0x00, 0x00, 0x00, 0x00,
    0x00, 0x00, 0x00, 0x00, 0x00, 0x00, 0x00, 0x00, 0x00, 0x00, 0x00, 0x00,
    0x00, 0x00, 0x00, 0x00, 0x00, 0x00, 0x00, 0x00, 0x00, 0x00, 0x00, 0x00,
    0x00, 0x00, 0x00, 0x00, 0x00, 0x00, 0x00, 0x00, 0x00, 0x00, 0x00, 0x00,
    0x00, 0x00, 0x00, 0x00, 0x00, 0x00, 0x00, 0x00, 0x00, 0x00, 0x00, 0x00,
    0x00, 0x00, 0x00, 0x00, 0x00, 0x00, 0x00, 0x00, 0x00, 0x00, 0x00, 0x00,
    0x28, 0x10, 0x08, 0x18, 0xe0, 0x68, 0x18, 0xd7, 0xf0, 0x74, 0x18, 0xff,
    0xf0, 0x74, 0x20, 0xff, 0xf0, 0x70, 0x18, 0xff, 0xf8, 0x74, 0x18, 0xff,
    0xf0, 0x74, 0x20, 0xff, 0xf0, 0x74, 0x20, 0xff, 0xf0, 0x74, 0x18, 0xff,
    0xf0, 0x74, 0x18, 0xff, 0xf0, 0x74, 0x20, 0xff, 0xf8, 0x74, 0x18, 0xff,
    0xf0, 0x74, 0x18, 0xff, 0xf0, 0x74, 0x20, 0xff, 0xf0, 0x70, 0x18, 0xff,
    0xf0, 0x74, 0x18, 0xff, 0xf0, 0x74, 0x20, 0xff, 0xf0, 0x70, 0x18, 0xff,
    0xf0, 0x74, 0x18, 0xff, 0xf0, 0x74, 0x20, 0xff, 0xf0, 0x74, 0x18, 0xff,
    0xf8, 0x74, 0x18, 0xff, 0xf0, 0x74, 0x20, 0xff, 0xf0, 0x74, 0x18, 0xff,
    0xf0, 0x70, 0x18, 0xff, 0xf0, 0x74, 0x20, 0xff, 0xf0, 0x74, 0x18, 0xff,
    0xf0, 0x74, 0x18, 0xff, 0xf0, 0x74, 0x20, 0xff, 0xf0, 0x74, 0x18, 0xff,
    0xf0, 0x80, 0x30, 0xff, 0xf0, 0x80, 0x30, 0xff, 0xf0, 0x74, 0x18, 0xff,
    0xf0, 0x74, 0x20, 0xff, 0xf0, 0x70, 0x18, 0xff, 0xf0, 0x74, 0x20, 0xff,
    0xf0, 0x74, 0x20, 0xff, 0xf0, 0x70, 0x18, 0xff, 0xf0, 0x74, 0x18, 0xff,
    0xf0, 0x70, 0x20, 0xff, 0xf0, 0x74, 0x18, 0xff, 0xf0, 0x74, 0x18, 0xff,
    0xf0, 0x74, 0x20, 0xff, 0xf0, 0x74, 0x18, 0xff, 0xf0, 0x74, 0x18, 0xff,
    0xf0, 0x74, 0x20, 0xff, 0xf0, 0x70, 0x18, 0xff, 0xf0, 0x74, 0x18, 0xff,
    0xf8, 0x74, 0x20, 0xff, 0xf0, 0x70, 0x18, 0xff, 0xf0, 0x74, 0x18, 0xff,
    0xf0, 0x74, 0x20, 0xff, 0xf0, 0x70, 0x18, 0xff, 0xf0, 0x74, 0x18, 0xff,
    0xf0, 0x74, 0x20, 0xff, 0xf0, 0x74, 0x18, 0xff, 0xf0, 0x74, 0x18, 0xff,
    0xf0, 0x74, 0x20, 0xff, 0xf8, 0x70, 0x18, 0xff, 0xf0, 0x74, 0x20, 0xff,
    0xe0, 0x68, 0x18, 0xd7, 0x28, 0x10, 0x08, 0x14, 0x00, 0x00, 0x00, 0x00,
    0x00, 0x00, 0x00, 0x00, 0x00, 0x00, 0x00, 0x00, 0x00, 0x00, 0x00, 0x00,
    0x00, 0x00, 0x00, 0x00, 0x00, 0x00, 0x00, 0x00, 0x00, 0x00, 0x00, 0x00,
    0x00, 0x00, 0x00, 0x00, 0x00, 0x00, 0x00, 0x00, 0x00, 0x00, 0x00, 0x00,
    0x00, 0x00, 0x00, 0x00, 0x00, 0x00, 0x00, 0x00, 0x00, 0x00, 0x00, 0x00,
    0x00, 0x00, 0x00, 0x00, 0x00, 0x00, 0x00, 0x00, 0x00, 0x00, 0x00, 0x00,
    0x00, 0x00, 0x00, 0x00, 0x00, 0x00, 0x00, 0x00, 0x00, 0x00, 0x00, 0x00,
    0x70, 0x30, 0x10, 0x2c, 0xf0, 0x74, 0x18, 0xdf, 0xf0, 0x74, 0x18, 0xff,
    0xf0, 0x74, 0x20, 0xff, 0xf0, 0x70, 0x18, 0xff, 0xf0, 0x74, 0x18, 0xff,
    0xf0, 0x74, 0x20, 0xff, 0xf0, 0x70, 0x18, 0xff, 0xf0, 0x74, 0x20, 0xff,
    0xf0, 0x70, 0x18, 0xff, 0xf0, 0x74, 0x18, 0xff, 0xf0, 0x74, 0x20, 0xff,
    0xf0, 0x70, 0x18, 0xff, 0xf8, 0x74, 0x18, 0xff, 0xf0, 0x74, 0x20, 0xff,
    0xf0, 0x74, 0x18, 0xff, 0xf8, 0x74, 0x20, 0xff, 0xf0, 0x74, 0x18, 0xff,
    0xf0, 0x70, 0x18, 0xff, 0xf0, 0x70, 0x20, 0xff, 0xf0, 0x74, 0x18, 0xff,
    0xf0, 0x74, 0x20, 0xff, 0xf0, 0x70, 0x18, 0xff, 0xf0, 0x74, 0x20, 0xff,
    0xf0, 0x74, 0x18, 0xff, 0xf0, 0x70, 0x18, 0xff, 0xf0, 0x70, 0x20, 0xff,
    0xf0, 0x74, 0x18, 0xff, 0xf0, 0x74, 0x18, 0xff, 0xf0, 0x74, 0x20, 0xff,
    0xf0, 0x74, 0x18, 0xff, 0xf0, 0x74, 0x18, 0xff, 0xf0, 0x70, 0x20, 0xff,
    0xf0, 0x74, 0x18, 0xff, 0xf0, 0x74, 0x18, 0xff, 0xf0, 0x74, 0x18, 0xff,
    0xf8, 0x74, 0x20, 0xff, 0xf0, 0x74, 0x18, 0xff, 0xf0, 0x74, 0x20, 0xff,
    0xf0, 0x70, 0x18, 0xff, 0xf8, 0x74, 0x20, 0xff, 0xf0, 0x74, 0x18, 0xff,
    0xf0, 0x70, 0x18, 0xff, 0xf8, 0x74, 0x20, 0xff, 0xf0, 0x74, 0x18, 0xff,
    0xf0, 0x74, 0x20, 0xff, 0xf0, 0x74, 0x18, 0xff, 0xf0, 0x74, 0x20, 0xff,
    0xf0, 0x70, 0x18, 0xff, 0xf8, 0x74, 0x18, 0xff, 0xf0, 0x74, 0x20, 0xff,
    0xf0, 0x74, 0x18, 0xff, 0xf0, 0x74, 0x20, 0xff, 0xf8, 0x70, 0x18, 0xff,
    0xf0, 0x74, 0x18, 0xff, 0xf0, 0x74, 0x20, 0xff, 0xf0, 0x70, 0x18, 0xff,
    0xf0, 0x74, 0x18, 0xff, 0xf0, 0x74, 0x20, 0xdf, 0x68, 0x30, 0x10, 0x2c,
    0x00, 0x00, 0x00, 0x00, 0x00, 0x00, 0x00, 0x00, 0x00, 0x00, 0x00, 0x00,
    0x00, 0x00, 0x00, 0x00, 0x00, 0x00, 0x00, 0x00, 0x00, 0x00, 0x00, 0x00,
    0x00, 0x00, 0x00, 0x00, 0x00, 0x00, 0x00, 0x00, 0x00, 0x00, 0x00, 0x00,
    0x00, 0x00, 0x00, 0x00, 0x00, 0x00, 0x00, 0x00, 0x00, 0x00, 0x00, 0x00,
    0x00, 0x00, 0x00, 0x00, 0x00, 0x00, 0x00, 0x00, 0x00, 0x00, 0x00, 0x00,
    0x00, 0x00, 0x00, 0x00, 0x00, 0x00, 0x00, 0x00, 0x00, 0x00, 0x00, 0x00,
    0x00, 0x00, 0x00, 0x00, 0x00, 0x00, 0x00, 0x00, 0x00, 0x00, 0x00, 0x00,
    0x70, 0x34, 0x10, 0x28, 0xf0, 0x74, 0x18, 0xdf, 0xf0, 0x74, 0x20, 0xff,
    0xf0, 0x74, 0x18, 0xff, 0xf0, 0x70, 0x18, 0xff, 0xf8, 0x74, 0x18, 0xff,
    0xf0, 0x74, 0x20, 0xff, 0xf0, 0x70, 0x18, 0xff, 0xf8, 0x74, 0x18, 0xff,
    0xf0, 0x74, 0x20, 0xff, 0xf0, 0x70, 0x18, 0xff, 0xf0, 0x74, 0x18, 0xff,
    0xf0, 0x74, 0x20, 0xff, 0xf0, 0x74, 0x18, 0xff, 0xf0, 0x70, 0x18, 0xff,
    0xf0, 0x74, 0x20, 0xff, 0xf0, 0x74, 0x18, 0xff, 0xf0, 0x74, 0x20, 0xff,
    0xf0, 0x74, 0x18, 0xff, 0xf0, 0x74, 0x18, 0xff, 0xf8, 0x70, 0x20, 0xff,
    0xf0, 0x74, 0x18, 0xff, 0xf0, 0x74, 0x18, 0xff, 0xf8, 0x74, 0x20, 0xff,
    0xf0, 0x74, 0x18, 0xff, 0xf0, 0x74, 0x20, 0xff, 0xf8, 0x74, 0x18, 0xff,
    0xf0, 0x70, 0x18, 0xff, 0xf0, 0x74, 0x20, 0xff, 0xf0, 0x74, 0x18, 0xff,
    0xf0, 0x70, 0x18, 0xff, 0xf0, 0x74, 0x20, 0xff, 0xf0, 0x74, 0x18, 0xff,
    0xf0, 0x70, 0x18, 0xff, 0xf0, 0x74, 0x20, 0xff, 0xf0, 0x74, 0x18, 0xff,
    0xf0, 0x70, 0x18, 0xff, 0xf0, 0x74, 0x20, 0xff, 0xf0, 0x74, 0x18, 0xff,
    0xf0, 0x74, 0x18, 0xff, 0xf0, 0x70, 0x20, 0xff, 0xf0, 0x74, 0x18, 0xff,
    0xf0, 0x74, 0x18, 0xff, 0xf0, 0x70, 0x20, 0xff, 0xf8, 0x74, 0x18, 0xff,
    0xf0, 0x74, 0x18, 0xff, 0xf0, 0x70, 0x20, 0xff, 0xf0, 0x74, 0x18, 0xff,
    0xf0, 0x74, 0x18, 0xff, 0xf0, 0x74, 0x20, 0xff, 0xf0, 0x70, 0x18, 0xff,
    0xf0, 0x74, 0x18, 0xff, 0xf0, 0x74, 0x20, 0xff, 0xf0, 0x70, 0x18, 0xff,
    0xf0, 0x74, 0x20, 0xff, 0xf8, 0x74, 0x18, 0xff, 0xf0, 0x74, 0x18, 0xdf,
    0x70, 0x34, 0x10, 0x28, 0x00, 0x00, 0x00, 0x00, 0x00, 0x00, 0x00, 0x00,
    0x00, 0x00, 0x00, 0x00, 0x00, 0x00, 0x00, 0x00, 0x00, 0x00, 0x00, 0x00,
    0x00, 0x00, 0x00, 0x00, 0x00, 0x00, 0x00, 0x00, 0x00, 0x00, 0x00, 0x00,
    0x00, 0x00, 0x00, 0x00, 0x00, 0x00, 0x00, 0x00, 0x00, 0x00, 0x00, 0x00,
    0x00, 0x00, 0x00, 0x00, 0x00, 0x00, 0x00, 0x00, 0x00, 0x00, 0x00, 0x00,
    0x00, 0x00, 0x00, 0x00, 0x00, 0x00, 0x00, 0x00, 0x00, 0x00, 0x00, 0x00,
    0x00, 0x00, 0x00, 0x00, 0x00, 0x00, 0x00, 0x00, 0x00, 0x00, 0x00, 0x00,
    0x00, 0x00, 0x00, 0x00, 0x00, 0x00, 0x00, 0x00, 0x00, 0x00, 0x00, 0x00,
    0x68, 0x30, 0x10, 0x2c, 0xe0, 0x68, 0x18, 0xd7, 0xf0, 0x74, 0x20, 0xff,
    0xf0, 0x74, 0x18, 0xff, 0xf0, 0x74, 0x20, 0xff, 0xf0, 0x74, 0x18, 0xff,
    0xf0, 0x74, 0x18, 0xff, 0xf0, 0x74, 0x20, 0xff, 0xf0, 0x74, 0x20, 0xff,
    0xf0, 0x74, 0x18, 0xff, 0xf0, 0x74, 0x20, 0xff, 0xf0, 0x74, 0x18, 0xff,
    0xf0, 0x70, 0x18, 0xff, 0xf0, 0x74, 0x20, 0xff, 0xf0, 0x74, 0x18, 0xff,
    0xf8, 0x70, 0x18, 0xff, 0xf0, 0x74, 0x20, 0xff, 0xf0, 0x74, 0x18, 0xff,
    0xf0, 0x74, 0x18, 0xff, 0xf0, 0x74, 0x20, 0xff, 0xf0, 0x74, 0x18, 0xff,
    0xf0, 0x70, 0x18, 0xff, 0xf0, 0x74, 0x20, 0xff, 0xf0, 0x74, 0x18, 0xff,
    0xf0, 0x74, 0x18, 0xff, 0xf0, 0x70, 0x20, 0xff, 0xf0, 0x74, 0x18, 0xff,
    0xf0, 0x74, 0x20, 0xff, 0xf8, 0x70, 0x18, 0xff, 0xf0, 0x74, 0x20, 0xff,
    0xf0, 0x74, 0x18, 0xff, 0xf8, 0x74, 0x20, 0xff, 0xf0, 0x70, 0x18, 0xff,
    0xf0, 0x74, 0x20, 0xff, 0xf0, 0x74, 0x18, 0xff, 0xf0, 0x70, 0x18, 0xff,
    0xf8, 0x74, 0x20, 0xff, 0xf0, 0x74, 0x18, 0xff, 0xf0, 0x70, 0x18, 0xff,
    0xf0, 0x74, 0x20, 0xff, 0xf0, 0x74, 0x18, 0xff, 0xf0, 0x74, 0x18, 0xff,
    0xf0, 0x70, 0x20, 0xff, 0xf0, 0x74, 0x18, 0xff, 0xf0, 0x74, 0x18, 0xff,
    0xf0, 0x74, 0x20, 0xff, 0xf0, 0x74, 0x18, 0xff, 0xf0, 0x74, 0x20, 0xff,
    0xf0, 0x70, 0x18, 0xff, 0xf8, 0x74, 0x18, 0xff, 0xf0, 0x74, 0x20, 0xff,
    0xf0, 0x74, 0x18, 0xff, 0xf0, 0x74, 0x18, 0xff, 0xf0, 0x70, 0x20, 0xff,
    0xe0, 0x68, 0x18, 0xd7, 0x70, 0x30, 0x10, 0x2c, 0x00, 0x00, 0x00, 0x00,
    0x00, 0x00, 0x00, 0x00, 0x00, 0x00, 0x00, 0x00, 0x00, 0x00, 0x00, 0x00,
    0x00, 0x00, 0x00, 0x00, 0x00, 0x00, 0x00, 0x00, 0x00, 0x00, 0x00, 0x00,
    0x00, 0x00, 0x00, 0x00, 0x00, 0x00, 0x00, 0x00, 0x00, 0x00, 0x00, 0x00,
    0x00, 0x00, 0x00, 0x00, 0x00, 0x00, 0x00, 0x00, 0x00, 0x00, 0x00, 0x00,
    0x00, 0x00, 0x00, 0x00, 0x00, 0x00, 0x00, 0x00, 0x00, 0x00, 0x00, 0x00,
    0x00, 0x00, 0x00, 0x00, 0x00, 0x00, 0x00, 0x00, 0x00, 0x00, 0x00, 0x00,
    0x00, 0x00, 0x00, 0x00, 0x00, 0x00, 0x00, 0x00, 0x00, 0x00, 0x00, 0x00,
    0x00, 0x00, 0x00, 0x00, 0x00, 0x00, 0x00, 0x00, 0x00, 0x00, 0x00, 0x00,
    0x28, 0x10, 0x00, 0x14, 0xe0, 0x68, 0x18, 0xc7, 0xf0, 0x74, 0x20, 0xff,
    0xf0, 0x70, 0x18, 0xff, 0xf0, 0x74, 0x18, 0xff, 0xf0, 0x74, 0x20, 0xff,
    0xf0, 0x70, 0x18, 0xff, 0xf0, 0x70, 0x18, 0xff, 0xf8, 0x74, 0x18, 0xff,
    0xf0, 0x74, 0x20, 0xff, 0xf0, 0x70, 0x18, 0xff, 0xf8, 0x74, 0x20, 0xff,
    0xf0, 0x74, 0x18, 0xff, 0xf0, 0x74, 0x18, 0xff, 0xf0, 0x70, 0x20, 0xff,
    0xf0, 0x74, 0x18, 0xff, 0xf0, 0x70, 0x20, 0xff, 0xf8, 0x70, 0x18, 0xff,
    0xf0, 0x74, 0x20, 0xff, 0xf0, 0x74, 0x18, 0xff, 0xf0, 0x70, 0x20, 0xff,
    0xf0, 0x74, 0x18, 0xff, 0xf0, 0x74, 0x18, 0xff, 0xf0, 0x70, 0x20, 0xff,
    0xf0, 0x74, 0x18, 0xff, 0xf0, 0x74, 0x18, 0xff, 0xf0, 0x74, 0x20, 0xff,
    0xf0, 0x74, 0x18, 0xff, 0xf0, 0x74, 0x18, 0xff, 0xf0, 0x74, 0x20, 0xff,
    0xf0, 0x74, 0x18, 0xff, 0xf0, 0x74, 0x18, 0xff, 0xf0, 0x74, 0x20, 0xff,
    0xf8, 0x74, 0x18, 0xff, 0xf0, 0x74, 0x18, 0xff, 0xf0, 0x74, 0x20, 0xff,
    0xf0, 0x74, 0x18, 0xff, 0xf0, 0x74, 0x20, 0xff, 0xf8, 0x74, 0x18, 0xff,
    0xf0, 0x74, 0x20, 0xff, 0xf0, 0x70, 0x18, 0xff, 0xf8, 0x74, 0x20, 0xff,
    0xf0, 0x74, 0x18, 0xff, 0xf0, 0x70, 0x18, 0xff, 0xf8, 0x74, 0x20, 0xff,
    0xf0, 0x74, 0x18, 0xff, 0xf0, 0x70, 0x18, 0xff, 0xf0, 0x74, 0x20, 0xff,
    0xf0, 0x74, 0x18, 0xff, 0xf0, 0x70, 0x20, 0xff, 0xf8, 0x74, 0x18, 0xff,
    0xf0, 0x74, 0x18, 0xff, 0xe0, 0x68, 0x18, 0xc3, 0x28, 0x14, 0x08, 0x14,
    0x00, 0x00, 0x00, 0x00, 0x00, 0x00, 0x00, 0x00, 0x00, 0x00, 0x00, 0x00,
    0x00, 0x00, 0x00, 0x00, 0x00, 0x00, 0x00, 0x00, 0x00, 0x00, 0x00, 0x00,
    0x00, 0x00, 0x00, 0x00, 0x00, 0x00, 0x00, 0x00, 0x00, 0x00, 0x00, 0x00,
    0x00, 0x00, 0x00, 0x00, 0x00, 0x00, 0x00, 0x00, 0x00, 0x00, 0x00, 0x00,
    0x00, 0x00, 0x00, 0x00, 0x00, 0x00, 0x00, 0x00, 0x00, 0x00, 0x00, 0x00,
    0x00, 0x00, 0x00, 0x00, 0x00, 0x00, 0x00, 0x00, 0x00, 0x00, 0x00, 0x00,
    0x00, 0x00, 0x00, 0x00, 0x00, 0x00, 0x00, 0x00, 0x00, 0x00, 0x00, 0x00,
    0x00, 0x00, 0x00, 0x00, 0x00, 0x00, 0x00, 0x00, 0x00, 0x00, 0x00, 0x00,
    0x00, 0x00, 0x00, 0x00, 0x00, 0x00, 0x00, 0x00, 0x00, 0x00, 0x00, 0x00,
    0x30, 0x18, 0x08, 0x14, 0xb8, 0x58, 0x10, 0x96, 0xf0, 0x74, 0x18, 0xff,
    0xf8, 0x70, 0x20, 0xff, 0xf0, 0x74, 0x18, 0xff, 0xf0, 0x74, 0x18, 0xff,
    0xf0, 0x74, 0x20, 0xff, 0xf0, 0x74, 0x18, 0xff, 0xf0, 0x70, 0x18, 0xff,
    0xf0, 0x74, 0x20, 0xff, 0xf0, 0x74, 0x18, 0xff, 0xf0, 0x74, 0x20, 0xff,
    0xf0, 0x70, 0x18, 0xff, 0xf0, 0x74, 0x18, 0xff, 0xf0, 0x74, 0x20, 0xff,
    0xf0, 0x74, 0x18, 0xff, 0xf0, 0x74, 0x18, 0xff, 0xf0, 0x74, 0x18, 0xff,
    0xf0, 0x74, 0x20, 0xff, 0xf8, 0x74, 0x18, 0xff, 0xf0, 0x70, 0x20, 0xff,
    0xf0, 0x74, 0x18, 0xff, 0xf8, 0x74, 0x20, 0xff, 0xf0, 0x74, 0x18, 0xff,
    0xf0, 0x70, 0x18, 0xff, 0xf8, 0x74, 0x20, 0xff, 0xf0, 0x70, 0x18, 0xff,
    0xf0, 0x74, 0x18, 0xff, 0xf0, 0x70, 0x20, 0xff, 0xf0, 0x70, 0x18, 0xff,
    0xf0, 0x74, 0x18, 0xff, 0xf0, 0x70, 0x20, 0xff, 0xf0, 0x74, 0x18, 0xff,
    0xf0, 0x70, 0x20, 0xff, 0xf0, 0x74, 0x18, 0xff, 0xf0, 0x70, 0x18, 0xff,
    0xf0, 0x74, 0x20, 0xff, 0xf0, 0x74, 0x18, 0xff, 0xf0, 0x70, 0x18, 0xff,
    0xf0, 0x74, 0x20, 0xff, 0xf0, 0x74, 0x18, 0xff, 0xf0, 0x74, 0x20, 0xff,
    0xf0, 0x70, 0x18, 0xff, 0xf0, 0x74, 0x18, 0xff, 0xf0, 0x74, 0x20, 0xff,
    0xf0, 0x70, 0x18, 0xff, 0xf8, 0x74, 0x18, 0xff, 0xf0, 0x74, 0x20, 0xff,
    0xf0, 0x74, 0x18, 0xff, 0xf0, 0x70, 0x20, 0xff, 0xb8, 0x58, 0x18, 0x96,
    0x30, 0x18, 0x08, 0x14, 0x00, 0x00, 0x00, 0x00, 0x00, 0x00, 0x00, 0x00,
    0x00, 0x00, 0x00, 0x00, 0x00, 0x00, 0x00, 0x00, 0x00, 0x00, 0x00, 0x00,
    0x00, 0x00, 0x00, 0x00, 0x00, 0x00, 0x00, 0x00, 0x00, 0x00, 0x00, 0x00,
    0x00, 0x00, 0x00, 0x00, 0x00, 0x00, 0x00, 0x00, 0x00, 0x00, 0x00, 0x00,
    0x00, 0x00, 0x00, 0x00, 0x00, 0x00, 0x00, 0x00, 0x00, 0x00, 0x00, 0x00,
    0x00, 0x00, 0x00, 0x00, 0x00, 0x00, 0x00, 0x00, 0x00, 0x00, 0x00, 0x00,
    0x00, 0x00, 0x00, 0x00, 0x00, 0x00, 0x00, 0x00, 0x00, 0x00, 0x00, 0x00,
    0x00, 0x00, 0x00, 0x00, 0x00, 0x00, 0x00, 0x00, 0x00, 0x00, 0x00, 0x00,
    0x00, 0x00, 0x00, 0x00, 0x00, 0x00, 0x00, 0x00, 0x00, 0x00, 0x00, 0x00,
    0x00, 0x00, 0x00, 0x00, 0x00, 0x00, 0x00, 0x00, 0x00, 0x00, 0x00, 0x00,
    0x00, 0x00, 0x00, 0x00, 0x98, 0x48, 0x10, 0x65, 0xe8, 0x6c, 0x18, 0xe7,
    0xf0, 0x74, 0x20, 0xff, 0xf0, 0x74, 0x18, 0xff, 0xf8, 0x74, 0x20, 0xff,
    0xf0, 0x74, 0x18, 0xff, 0xf0, 0x74, 0x18, 0xff, 0xf0, 0x70, 0x20, 0xff,
    0xf0, 0x74, 0x18, 0xff, 0xf8, 0x74, 0x18, 0xff, 0xf0, 0x74, 0x20, 0xff,
    0xf0, 0x74, 0x18, 0xff, 0xf8, 0x74, 0x18, 0xff, 0xf0, 0x74, 0x20, 0xff,
    0xf0, 0x70, 0x18, 0xff, 0xf0, 0x74, 0x20, 0xff, 0xf0, 0x74, 0x18, 0xff,
    0xf0, 0x74, 0x18, 0xff, 0xf0, 0x74, 0x18, 0xff, 0xf0, 0x70, 0x20, 0xff,
    0xf0, 0x74, 0x18, 0xff, 0xf0, 0x74, 0x20, 0xff, 0xf0, 0x74, 0x18, 0xff,
    0xf0, 0x70, 0x18, 0xff, 0xf0, 0x74, 0x20, 0xff, 0xf0, 0x74, 0x18, 0xff,
    0xf8, 0x74, 0x18, 0xff, 0xf0, 0x74, 0x20, 0xff, 0xf0, 0x74, 0x18, 0xff,
    0xf8, 0x74, 0x18, 0xff, 0xf0, 0x70, 0x20, 0xff, 0xf0, 0x74, 0x18, 0xff,
    0xf0, 0x74, 0x18, 0xff, 0xf8, 0x70, 0x20, 0xff, 0xf0, 0x74, 0x18, 0xff,
    0xf0, 0x74, 0x18, 0xff, 0xf0, 0x70, 0x20, 0xff, 0xf0, 0x74, 0x18, 0xff,
    0xf0, 0x74, 0x18, 0xff, 0xf0, 0x74, 0x20, 0xff, 0xf0, 0x74, 0x18, 0xff,
    0xf0, 0x74, 0x20, 0xff, 0xf0, 0x74, 0x18, 0xff, 0xf0, 0x74, 0x20, 0xff,
    0xf0, 0x74, 0x18, 0xff, 0xf0, 0x74, 0x18, 0xff, 0xe8, 0x6c, 0x18, 0xe7,
    0x98, 0x48, 0x10, 0x65, 0x00, 0x00, 0x00, 0x00, 0x00, 0x00, 0x00, 0x00,
    0x00, 0x00, 0x00, 0x00, 0x00, 0x00, 0x00, 0x00, 0x00, 0x00, 0x00, 0x00,
    0x00, 0x00, 0x00, 0x00, 0x00, 0x00, 0x00, 0x00, 0x00, 0x00, 0x00, 0x00,
    0x00, 0x00, 0x00, 0x00, 0x00, 0x00, 0x00, 0x00, 0x00, 0x00, 0x00, 0x00,
    0x00, 0x00, 0x00, 0x00, 0x00, 0x00, 0x00, 0x00, 0x00, 0x00, 0x00, 0x00,
    0x00, 0x00, 0x00, 0x00, 0x00, 0x00, 0x00, 0x00, 0x00, 0x00, 0x00, 0x00,
    0x00, 0x00, 0x00, 0x00, 0x00, 0x00, 0x00, 0x00, 0x00, 0x00, 0x00, 0x00,
    0x00, 0x00, 0x00, 0x00, 0x00, 0x00, 0x00, 0x00, 0x00, 0x00, 0x00, 0x00,
    0x00, 0x00, 0x00, 0x00, 0x00, 0x00, 0x00, 0x00, 0x00, 0x00, 0x00, 0x00,
    0x00, 0x00, 0x00, 0x00, 0x00, 0x00, 0x00, 0x00, 0x00, 0x00, 0x00, 0x00,
    0x00, 0x00, 0x00, 0x00, 0x00, 0x00, 0x00, 0x00, 0x00, 0x00, 0x00, 0x00,
    0x00, 0x00, 0x00, 0x00, 0x50, 0x24, 0x08, 0x28, 0xc8, 0x60, 0x18, 0xba,
    0xf0, 0x74, 0x18, 0xff, 0xf0, 0x70, 0x20, 0xff, 0xf0, 0x74, 0x18, 0xff,
    0xf8, 0x74, 0x20, 0xff, 0xf0, 0x74, 0x18, 0xff, 0xf0, 0x70, 0x18, 0xff,
    0xf0, 0x74, 0x20, 0xff, 0xf0, 0x74, 0x18, 0xff, 0xf0, 0x70, 0x20, 0xff,
    0xf0, 0x74, 0x18, 0xff, 0xf0, 0x74, 0x18, 0xff, 0xf0, 0x70, 0x20, 0xff,
    0xf8, 0x74, 0x18, 0xff, 0xf0, 0x70, 0x20, 0xff, 0xf0, 0x74, 0x18, 0xff,
    0xf0, 0x74, 0x20, 0xff, 0xf0, 0x74, 0x18, 0xff, 0xf0, 0x70, 0x18, 0xff,
    0xf8, 0x74, 0x20, 0xff, 0xf0, 0x74, 0x18, 0xff, 0xf0, 0x74, 0x20, 0xff,
    0xf0, 0x74, 0x18, 0xff, 0xf0, 0x74, 0x20, 0xff, 0xf0, 0x74, 0x18, 0xff,
    0xf0, 0x70, 0x20, 0xff, 0xf0, 0x74, 0x18, 0xff, 0xf0, 0x74, 0x18, 0xff,
    0xf0, 0x74, 0x20, 0xff, 0xf0, 0x74, 0x18, 0xff, 0xf0, 0x74, 0x20, 0xff,
    0xf0, 0x74, 0x18, 0xff, 0xf0, 0x74, 0x18, 0xff, 0xf0, 0x74, 0x20, 0xff,
    0xf8, 0x74, 0x18, 0xff, 0xf0, 0x70, 0x18, 0xff, 0xf0, 0x74, 0x20, 0xff,
    0xf8, 0x70, 0x18, 0xff, 0xf0, 0x74, 0x18, 0xff, 0xf0, 0x70, 0x20, 0xff,
    0xf8, 0x74, 0x18, 0xff, 0xf0, 0x70, 0x18, 0xff, 0xf0, 0x74, 0x20, 0xff,
    0xd0, 0x60, 0x18, 0xba, 0x50, 0x24, 0x08, 0x28, 0x00, 0x00, 0x00, 0x00,
    0x00, 0x00, 0x00, 0x00, 0x00, 0x00, 0x00, 0x00, 0x00, 0x00, 0x00, 0x00,
    0x00, 0x00, 0x00, 0x00, 0x00, 0x00, 0x00, 0x00, 0x00, 0x00, 0x00, 0x00,
    0x00, 0x00, 0x00, 0x00, 0x00, 0x00, 0x00, 0x00, 0x00, 0x00, 0x00, 0x00,
    0x00, 0x00, 0x00, 0x00, 0x00, 0x00, 0x00, 0x00, 0x00, 0x00, 0x00, 0x00,
    0x00, 0x00, 0x00, 0x00, 0x00, 0x00, 0x00, 0x00, 0x00, 0x00, 0x00, 0x00,
    0x00, 0x00, 0x00, 0x00, 0x00, 0x00, 0x00, 0x00, 0x00, 0x00, 0x00, 0x00,
    0x00, 0x00, 0x00, 0x00, 0x00, 0x00, 0x00, 0x00, 0x00, 0x00, 0x00, 0x00,
    0x00, 0x00, 0x00, 0x00, 0x00, 0x00, 0x00, 0x00, 0x00, 0x00, 0x00, 0x00,
    0x00, 0x00, 0x00, 0x00, 0x00, 0x00, 0x00, 0x00, 0x00, 0x00, 0x00, 0x00,
    0x00, 0x00, 0x00, 0x00, 0x00, 0x00, 0x00, 0x00, 0x00, 0x00, 0x00, 0x00,
    0x00, 0x00, 0x00, 0x00, 0x00, 0x00, 0x00, 0x00, 0x00, 0x00, 0x00, 0x00,
    0x00, 0x00, 0x00, 0x00, 0x18, 0x08, 0x00, 0x04, 0x88, 0x40, 0x10, 0x55,
    0xe0, 0x68, 0x18, 0xd7, 0xf0, 0x74, 0x18, 0xff, 0xf0, 0x74, 0x20, 0xff,
    0xf0, 0x70, 0x18, 0xff, 0xf0, 0x74, 0x20, 0xff, 0xf0, 0x74, 0x18, 0xff,
    0xf0, 0x70, 0x18, 0xff, 0xf0, 0x74, 0x20, 0xff, 0xf0, 0x74, 0x18, 0xff,
    0xf0, 0x70, 0x20, 0xff, 0xf0, 0x74, 0x18, 0xff, 0xf0, 0x74, 0x18, 0xff,
    0xf0, 0x74, 0x20, 0xff, 0xf8, 0x70, 0x18, 0xff, 0xf0, 0x74, 0x18, 0xff,
    0xf0, 0x74, 0x20, 0xff, 0xf0, 0x74, 0x18, 0xff, 0xf0, 0x70, 0x18, 0xff,
    0xf0, 0x74, 0x20, 0xff, 0xf0, 0x74, 0x18, 0xff, 0xf8, 0x70, 0x18, 0xff,
    0xf0, 0x74, 0x20, 0xff, 0xf0, 0x70, 0x18, 0xff, 0xf0, 0x74, 0x18, 0xff,
    0xf0, 0x74, 0x20, 0xff, 0xf0, 0x70, 0x18, 0xff, 0xf0, 0x74, 0x18, 0xff,
    0xf8, 0x74, 0x20, 0xff, 0xf0, 0x70, 0x18, 0xff, 0xf0, 0x74, 0x20, 0xff,
    0xf0, 0x70, 0x18, 0xff, 0xf0, 0x74, 0x20, 0xff, 0xf0, 0x74, 0x18, 0xff,
    0xf0, 0x74, 0x20, 0xff, 0xf0, 0x74, 0x18, 0xff, 0xf0, 0x74, 0x18, 0xff,
    0xf0, 0x70, 0x20, 0xff, 0xf0, 0x74, 0x18, 0xff, 0xf0, 0x74, 0x18, 0xff,
    0xe0, 0x68, 0x18, 0xd7, 0x88, 0x40, 0x10, 0x55, 0x10, 0x08, 0x00, 0x04,
    0x00, 0x00, 0x00, 0x00, 0x00, 0x00, 0x00, 0x00, 0x00, 0x00, 0x00, 0x00,
    0x00, 0x00, 0x00, 0x00, 0x00, 0x00, 0x00, 0x00, 0x00, 0x00, 0x00, 0x00,
    0x00, 0x00, 0x00, 0x00, 0x00, 0x00, 0x00, 0x00, 0x00, 0x00, 0x00, 0x00,
    0x00, 0x00, 0x00, 0x00, 0x00, 0x00, 0x00, 0x00, 0x00, 0x00, 0x00, 0x00,
    0x00, 0x00, 0x00, 0x00, 0x00, 0x00, 0x00, 0x00, 0x00, 0x00, 0x00, 0x00,
    0x00, 0x00, 0x00, 0x00, 0x00, 0x00, 0x00, 0x00, 0x00, 0x00, 0x00, 0x00,
    0x00, 0x00, 0x00, 0x00, 0x00, 0x00, 0x00, 0x00, 0x00, 0x00, 0x00, 0x00,
    0x00, 0x00, 0x00, 0x00, 0x00, 0x00, 0x00, 0x00, 0x00, 0x00, 0x00, 0x00,
    0x00, 0x00, 0x00, 0x00, 0x00, 0x00, 0x00, 0x00, 0x00, 0x00, 0x00, 0x00,
    0x00, 0x00, 0x00, 0x00, 0x00, 0x00, 0x00, 0x00, 0x00, 0x00, 0x00, 0x00,
    0x00, 0x00, 0x00, 0x00, 0x00, 0x00, 0x00, 0x00, 0x00, 0x00, 0x00, 0x00,
    0x00, 0x00, 0x00, 0x00, 0x00, 0x00, 0x00, 0x00, 0x00, 0x00, 0x00, 0x00,
    0x00, 0x00, 0x00, 0x00, 0x00, 0x00, 0x00, 0x00, 0x30, 0x18, 0x08, 0x14,
    0xb8, 0x58, 0x18, 0x75, 0xf0, 0x74, 0x18, 0xeb, 0xf0, 0x70, 0x18, 0xff,
    0xf8, 0x74, 0x20, 0xff, 0xf0, 0x74, 0x18, 0xff, 0xf0, 0x74, 0x18, 0xff,
    0xf8, 0x74, 0x20, 0xff, 0xf0, 0x74, 0x18, 0xff, 0xf0, 0x74, 0x18, 0xff,
    0xf8, 0x74, 0x20, 0xff, 0xf0, 0x74, 0x18, 0xff, 0xf0, 0x74, 0x18, 0xff,
    0xf0, 0x70, 0x20, 0xff, 0xf0, 0x74, 0x18, 0xff, 0xf0, 0x74, 0x20, 0xff,
    0xf8, 0x74, 0x18, 0xff, 0xf0, 0x70, 0x18, 0xff, 0xf0, 0x74, 0x20, 0xff,
    0xf0, 0x74, 0x18, 0xff, 0xf0, 0x70, 0x18, 0xff, 0xf0, 0x74, 0x20, 0xff,
    0xf0, 0x74, 0x18, 0xff, 0xf8, 0x74, 0x18, 0xff, 0xf0, 0x74, 0x20, 0xff,
    0xf0, 0x70, 0x20, 0xff, 0xf0, 0x74, 0x18, 0xff, 0xf0, 0x74, 0x18, 0xff,
    0xf0, 0x74, 0x20, 0xff, 0xf0, 0x70, 0x18, 0xff, 0xf8, 0x74, 0x18, 0xff,
    0xf0, 0x74, 0x18, 0xff, 0xf0, 0x70, 0x20, 0xff, 0xf0, 0x74, 0x18, 0xff,
    0xf0, 0x74, 0x18, 0xff, 0xf0, 0x74, 0x20, 0xff, 0xf0, 0x74, 0x18, 0xff,
    0xf0, 0x74, 0x20, 0xeb, 0xb8, 0x58, 0x18, 0x75, 0x30, 0x18, 0x08, 0x14,
    0x00, 0x00, 0x00, 0x00, 0x00, 0x00, 0x00, 0x00, 0x00, 0x00, 0x00, 0x00,
    0x00, 0x00, 0x00, 0x00, 0x00, 0x00, 0x00, 0x00, 0x00, 0x00, 0x00, 0x00,
    0x00, 0x00, 0x00, 0x00, 0x00, 0x00, 0x00, 0x00, 0x00, 0x00, 0x00, 0x00,
    0x00, 0x00, 0x00, 0x00, 0x00, 0x00, 0x00, 0x00, 0x00, 0x00, 0x00, 0x00,
    0x00, 0x00, 0x00, 0x00, 0x00, 0x00, 0x00, 0x00, 0x00, 0x00, 0x00, 0x00,
    0x00, 0x00, 0x00, 0x00, 0x00, 0x00, 0x00, 0x00, 0x00, 0x00, 0x00, 0x00,
    0x00, 0x00, 0x00, 0x00, 0x00, 0x00, 0x00, 0x00, 0x00, 0x00, 0x00, 0x00,
    0x00, 0x00, 0x00, 0x00, 0x00, 0x00, 0x00, 0x00, 0x00, 0x00, 0x00, 0x00,
    0x00, 0x00, 0x00, 0x00, 0x00, 0x00, 0x00, 0x00, 0x00, 0x00, 0x00, 0x00,
    0x00, 0x00, 0x00, 0x00, 0x00, 0x00, 0x00, 0x00, 0x00, 0x00, 0x00, 0x00,
    0x00, 0x00, 0x00, 0x00, 0x00, 0x00, 0x00, 0x00, 0x00, 0x00, 0x00, 0x00,
    0x00, 0x00, 0x00, 0x00, 0x00, 0x00, 0x00, 0x00, 0x00, 0x00, 0x00, 0x00,
    0x00, 0x00, 0x00, 0x00, 0x00, 0x00, 0x00, 0x00, 0x00, 0x00, 0x00, 0x00,
    0x00, 0x00, 0x00, 0x00, 0x00, 0x00, 0x00, 0x00, 0x00, 0x00, 0x00, 0x00,
    0x38, 0x1c, 0x08, 0x10, 0xb0, 0x50, 0x18, 0x71, 0xe0, 0x68, 0x18, 0xd3,
    0xf0, 0x74, 0x18, 0xfb, 0xf0, 0x74, 0x20, 0xff, 0xf0, 0x70, 0x18, 0xff,
    0xf0, 0x70, 0x18, 0xff, 0xf0, 0x74, 0x20, 0xff, 0xf0, 0x70, 0x18, 0xff,
    0xf0, 0x74, 0x20, 0xff, 0xf0, 0x74, 0x18, 0xff, 0xf0, 0x74, 0x18, 0xff,
    0xf0, 0x70, 0x20, 0xff, 0xf0, 0x74, 0x18, 0xff, 0xf0, 0x74, 0x18, 0xff,
    0xf0, 0x74, 0x20, 0xff, 0xf0, 0x74, 0x18, 0xff, 0xf0, 0x74, 0x18, 0xff,
    0xf0, 0x74, 0x20, 0xff, 0xf0, 0x74, 0x18, 0xff, 0xf0, 0x74, 0x20, 0xff,
    0xf0, 0x70, 0x18, 0xff, 0xf0, 0x74, 0x18, 0xff, 0xf0, 0x74, 0x20, 0xff,
    0xf8, 0x74, 0x18, 0xff, 0xf0, 0x70, 0x18, 0xff, 0xf0, 0x74, 0x20, 0xff,
    0xf0, 0x74, 0x18, 0xff, 0xf0, 0x74, 0x20, 0xff, 0xf0, 0x74, 0x18, 0xff,
    0xf0, 0x70, 0x18, 0xff, 0xf8, 0x74, 0x20, 0xff, 0xf0, 0x70, 0x18, 0xfb,
    0xe0, 0x68, 0x18, 0xd3, 0xb0, 0x50, 0x18, 0x71, 0x40, 0x1c, 0x08, 0x10,
    0x00, 0x00, 0x00, 0x00, 0x00, 0x00, 0x00, 0x00, 0x00, 0x00, 0x00, 0x00,
    0x00, 0x00, 0x00, 0x00, 0x00, 0x00, 0x00, 0x00, 0x00, 0x00, 0x00, 0x00,
    0x00, 0x00, 0x00, 0x00, 0x00, 0x00, 0x00, 0x00, 0x00, 0x00, 0x00, 0x00,
    0x00, 0x00, 0x00, 0x00, 0x00, 0x00, 0x00, 0x00, 0x00, 0x00, 0x00, 0x00,
    0x00, 0x00, 0x00, 0x00, 0x00, 0x00, 0x00, 0x00, 0x00, 0x00, 0x00, 0x00,
    0x00, 0x00, 0x00, 0x00, 0x00, 0x00, 0x00, 0x00, 0x00, 0x00, 0x00, 0x00,
    0x00, 0x00, 0x00, 0x00, 0x00, 0x00, 0x00, 0x00, 0x00, 0x00, 0x00, 0x00,
    0x00, 0x00, 0x00, 0x00, 0x00, 0x00, 0x00, 0x00, 0x00, 0x00, 0x00, 0x00,
    0x00, 0x00, 0x00, 0x00, 0x00, 0x00, 0x00, 0x00, 0x00, 0x00, 0x00, 0x00,
    0x00, 0x00, 0x00, 0x00, 0x00, 0x00, 0x00, 0x00, 0x00, 0x00, 0x00, 0x00,
    0x00, 0x00, 0x00, 0x00, 0x00, 0x00, 0x00, 0x00, 0x00, 0x00, 0x00, 0x00,
    0x00, 0x00, 0x00, 0x00, 0x00, 0x00, 0x00, 0x00, 0x00, 0x00, 0x00, 0x00,
    0x00, 0x00, 0x00, 0x00, 0x00, 0x00, 0x00, 0x00, 0x00, 0x00, 0x00, 0x00,
    0x00, 0x00, 0x00, 0x00, 0x00, 0x00, 0x00, 0x00, 0x00, 0x00, 0x00, 0x00,
    0x00, 0x00, 0x00, 0x00, 0x00, 0x00, 0x00, 0x00, 0x00, 0x00, 0x00, 0x00,
    0x00, 0x00, 0x00, 0x00, 0x20, 0x0c, 0x00, 0x0c, 0x80, 0x3c, 0x10, 0x49,
    0xc8, 0x60, 0x18, 0xaa, 0xf0, 0x74, 0x18, 0xf3, 0xf0, 0x74, 0x20, 0xff,
    0xf0, 0x74, 0x18, 0xff, 0xf0, 0x74, 0x18, 0xff, 0xf0, 0x70, 0x20, 0xff,
    0xf8, 0x74, 0x18, 0xff, 0xf0, 0x74, 0x18, 0xff, 0xf0, 0x74, 0x20, 0xff,
    0xf8, 0x70, 0x18, 0xff, 0xf0, 0x74, 0x20, 0xff, 0xf0, 0x70, 0x18, 0xff,
    0xf8, 0x74, 0x20, 0xff, 0xf0, 0x70, 0x18, 0xff, 0xf0, 0x74, 0x18, 0xff,
    0xf8, 0x74, 0x20, 0xff, 0xf0, 0x70, 0x18, 0xff, 0xf0, 0x74, 0x18, 0xff,
    0xf0, 0x74, 0x20, 0xff, 0xf0, 0x74, 0x18, 0xff, 0xf0, 0x70, 0x18, 0xff,
    0xf0, 0x74, 0x20, 0xff, 0xf0, 0x74, 0x18, 0xff, 0xf0, 0x74, 0x18, 0xff,
    0xf0, 0x70, 0x20, 0xff, 0xf0, 0x74, 0x20, 0xff, 0xf0, 0x74, 0x18, 0xf3,
    0xd0, 0x60, 0x18, 0xaa, 0x80, 0x3c, 0x10, 0x49, 0x20, 0x0c, 0x00, 0x0c,
    0x00, 0x00, 0x00, 0x00, 0x00, 0x00, 0x00, 0x00, 0x00, 0x00, 0x00, 0x00,
    0x00, 0x00, 0x00, 0x00, 0x00, 0x00, 0x00, 0x00, 0x00, 0x00, 0x00, 0x00,
    0x00, 0x00, 0x00, 0x00, 0x00, 0x00, 0x00, 0x00, 0x00, 0x00, 0x00, 0x00,
    0x00, 0x00, 0x00, 0x00, 0x00, 0x00, 0x00, 0x00, 0x00, 0x00, 0x00, 0x00,
    0x00, 0x00, 0x00, 0x00, 0x00, 0x00, 0x00, 0x00, 0x00, 0x00, 0x00, 0x00,
    0x00, 0x00, 0x00, 0x00, 0x00, 0x00, 0x00, 0x00, 0x00, 0x00, 0x00, 0x00,
    0x00, 0x00, 0x00, 0x00, 0x00, 0x00, 0x00, 0x00, 0x00, 0x00, 0x00, 0x00,
    0x00, 0x00, 0x00, 0x00, 0x00, 0x00, 0x00, 0x00, 0x00, 0x00, 0x00, 0x00,
    0x00, 0x00, 0x00, 0x00, 0x00, 0x00, 0x00, 0x00, 0x00, 0x00, 0x00, 0x00,
    0x00, 0x00, 0x00, 0x00, 0x00, 0x00, 0x00, 0x00, 0x00, 0x00, 0x00, 0x00,
    0x00, 0x00, 0x00, 0x00, 0x00, 0x00, 0x00, 0x00, 0x00, 0x00, 0x00, 0x00,
    0x00, 0x00, 0x00, 0x00, 0x00, 0x00, 0x00, 0x00, 0x00, 0x00, 0x00, 0x00,
    0x00, 0x00, 0x00, 0x00, 0x00, 0x00, 0x00, 0x00, 0x00, 0x00, 0x00, 0x00,
    0x00, 0x00, 0x00, 0x00, 0x00, 0x00, 0x00, 0x00, 0x00, 0x00, 0x00, 0x00,
    0x00, 0x00, 0x00, 0x00, 0x00, 0x00, 0x00, 0x00, 0x00, 0x00, 0x00, 0x00,
    0x00, 0x00, 0x00, 0x00, 0x00, 0x00, 0x00, 0x00, 0x00, 0x00, 0x00, 0x00,
    0x00, 0x00, 0x00, 0x00, 0x00, 0x00, 0x00, 0x00, 0x00, 0x00, 0x00, 0x00,
    0x28, 0x14, 0x08, 0x0c, 0x78, 0x38, 0x10, 0x51, 0xc0, 0x5c, 0x18, 0x96,
    0xe0, 0x68, 0x18, 0xd3, 0xf0, 0x74, 0x18, 0xef, 0xf0, 0x74, 0x20, 0xff,
    0xf0, 0x70, 0x18, 0xff, 0xf0, 0x74, 0x18, 0xff, 0xf0, 0x74, 0x20, 0xff,
    0xf0, 0x74, 0x18, 0xff, 0xf0, 0x74, 0x18, 0xff, 0xf0, 0x70, 0x20, 0xff,
    0xf0, 0x74, 0x18, 0xff, 0xf0, 0x74, 0x18, 0xff, 0xf0, 0x70, 0x20, 0xff,
    0xf0, 0x74, 0x18, 0xff, 0xf0, 0x74, 0x18, 0xff, 0xf8, 0x74, 0x20, 0xff,
    0xf0, 0x70, 0x18, 0xff, 0xf0, 0x74, 0x18, 0xff, 0xf0, 0x74, 0x20, 0xff,
    0xf8, 0x74, 0x18, 0xef, 0xe0, 0x68, 0x18, 0xd7, 0xc0, 0x5c, 0x18, 0x96,
    0x78, 0x38, 0x10, 0x51, 0x28, 0x14, 0x00, 0x08, 0x00, 0x00, 0x00, 0x00,
    0x00, 0x00, 0x00, 0x00, 0x00, 0x00, 0x00, 0x00, 0x00, 0x00, 0x00, 0x00,
    0x00, 0x00, 0x00, 0x00, 0x00, 0x00, 0x00, 0x00, 0x00, 0x00, 0x00, 0x00,
    0x00, 0x00, 0x00, 0x00, 0x00, 0x00, 0x00, 0x00, 0x00, 0x00, 0x00, 0x00,
    0x00, 0x00, 0x00, 0x00, 0x00, 0x00, 0x00, 0x00, 0x00, 0x00, 0x00, 0x00,
    0x00, 0x00, 0x00, 0x00, 0x00, 0x00, 0x00, 0x00, 0x00, 0x00, 0x00, 0x00,
    0x00, 0x00, 0x00, 0x00, 0x00, 0x00, 0x00, 0x00, 0x00, 0x00, 0x00, 0x00,
    0x00, 0x00, 0x00, 0x00, 0x00, 0x00, 0x00, 0x00, 0x00, 0x00, 0x00, 0x00,
    0x00, 0x00, 0x00, 0x00, 0x00, 0x00, 0x00, 0x00, 0x00, 0x00, 0x00, 0x00,
    0x00, 0x00, 0x00, 0x00, 0x00, 0x00, 0x00, 0x00, 0x00, 0x00, 0x00, 0x00,
    0x00, 0x00, 0x00, 0x00, 0x00, 0x00, 0x00, 0x00, 0x00, 0x00, 0x00, 0x00,
    0x00, 0x00, 0x00, 0x00, 0x00, 0x00, 0x00, 0x00, 0x00, 0x00, 0x00, 0x00,
    0x00, 0x00, 0x00, 0x00, 0x00, 0x00, 0x00, 0x00, 0x00, 0x00, 0x00, 0x00,
    0x00, 0x00, 0x00, 0x00, 0x00, 0x00, 0x00, 0x00, 0x00, 0x00, 0x00, 0x00,
    0x00, 0x00, 0x00, 0x00, 0x00, 0x00, 0x00, 0x00, 0x00, 0x00, 0x00, 0x00,
    0x00, 0x00, 0x00, 0x00, 0x00, 0x00, 0x00, 0x00, 0x00, 0x00, 0x00, 0x00,
    0x00, 0x00, 0x00, 0x00, 0x00, 0x00, 0x00, 0x00, 0x00, 0x00, 0x00, 0x00,
    0x00, 0x00, 0x00, 0x00, 0x00, 0x00, 0x00, 0x00, 0x00, 0x00, 0x00, 0x00,
    0x00, 0x00, 0x00, 0x00, 0x00, 0x00, 0x00, 0x00, 0x00, 0x00, 0x00, 0x00,
    0x00, 0x00, 0x00, 0x00, 0x00, 0x00, 0x00, 0x00, 0x20, 0x0c, 0x00, 0x08,
    0x30, 0x18, 0x08, 0x24, 0x90, 0x44, 0x10, 0x4d, 0x90, 0x44, 0x10, 0x75,
    0xc8, 0x60, 0x18, 0xa2, 0xf0, 0x74, 0x18, 0xbe, 0xf0, 0x74, 0x18, 0xd7,
    0xf0, 0x74, 0x20, 0xeb, 0xf0, 0x74, 0x18, 0xff, 0xf0, 0x74, 0x20, 0xff,
    0xf0, 0x74, 0x18, 0xff, 0xf0, 0x74, 0x20, 0xff, 0xf0, 0x70, 0x18, 0xeb,
    0xf0, 0x74, 0x20, 0xd7, 0xf0, 0x74, 0x18, 0xbe, 0xc8, 0x60, 0x18, 0xa2,
    0x90, 0x44, 0x10, 0x75, 0x90, 0x44, 0x10, 0x49, 0x30, 0x18, 0x08, 0x24,
    0x20, 0x0c, 0x00, 0x08, 0x00, 0x00, 0x00, 0x00, 0x00, 0x00, 0x00, 0x00,
    0x00, 0x00, 0x00, 0x00, 0x00, 0x00, 0x00, 0x00, 0x00, 0x00, 0x00, 0x00,
    0x00, 0x00, 0x00, 0x00, 0x00, 0x00, 0x00, 0x00, 0x00, 0x00, 0x00, 0x00,
    0x00, 0x00, 0x00, 0x00, 0x00, 0x00, 0x00, 0x00, 0x00, 0x00, 0x00, 0x00,
    0x00, 0x00, 0x00, 0x00, 0x00, 0x00, 0x00, 0x00, 0x00, 0x00, 0x00, 0x00,
    0x00, 0x00, 0x00, 0x00, 0x00, 0x00, 0x00, 0x00, 0x00, 0x00, 0x00, 0x00,
    0x00, 0x00, 0x00, 0x00, 0x00, 0x00, 0x00, 0x00, 0x00, 0x00, 0x00, 0x00,
    0x00, 0x00, 0x00, 0x00, 0x00, 0x00, 0x00, 0x00, 0x00, 0x00, 0x00, 0x00,
    0x00, 0x00, 0x00, 0x00, 0x00, 0x00, 0x00, 0x00, 0x00, 0x00, 0x00, 0x00,
    0x00, 0x00, 0x00, 0x00, 0x00, 0x00, 0x00, 0x00, 0x00, 0x00, 0x00, 0x00,
    0x00, 0x00, 0x00, 0x00
};
